-- phpMyAdmin SQL Dump
-- version 5.2.1
-- https://www.phpmyadmin.net/
--
-- Host: 127.0.0.1
-- Generation Time: Oct 13, 2025 at 03:54 PM
-- Server version: 10.4.32-MariaDB
-- PHP Version: 8.2.12

SET SQL_MODE = "NO_AUTO_VALUE_ON_ZERO";
START TRANSACTION;
SET time_zone = "+00:00";


/*!40101 SET @OLD_CHARACTER_SET_CLIENT=@@CHARACTER_SET_CLIENT */;
/*!40101 SET @OLD_CHARACTER_SET_RESULTS=@@CHARACTER_SET_RESULTS */;
/*!40101 SET @OLD_COLLATION_CONNECTION=@@COLLATION_CONNECTION */;
/*!40101 SET NAMES utf8mb4 */;

--
-- Database: `wielrennen`
--

-- --------------------------------------------------------

--
-- Table structure for table `contracten`
--

CREATE TABLE `contracten` (
  `rennerId` int(11) NOT NULL,
  `ploegId` int(11) NOT NULL,
  `startdatum` date NOT NULL,
  `einddatum` date NOT NULL
) ENGINE=InnoDB DEFAULT CHARSET=utf8mb4 COLLATE=utf8mb4_general_ci;

--
-- Dumping data for table `contracten`
--

INSERT INTO `contracten` (`rennerId`, `ploegId`, `startdatum`, `einddatum`) VALUES
(1, 3, '2025-01-01', '2025-12-31'),
(1, 4, '2020-01-01', '2020-12-31'),
(1, 4, '2021-01-01', '2021-12-31'),
(1, 4, '2022-01-01', '2022-12-31'),
(1, 7, '2023-01-01', '2023-12-31'),
(1, 7, '2024-01-01', '2024-12-31'),
(1, 7, '2026-01-01', '2026-12-31'),
(2, 2, '2020-01-01', '2020-12-31'),
(2, 2, '2021-01-01', '2021-12-31'),
(2, 2, '2022-01-01', '2022-12-31'),
(2, 2, '2023-01-01', '2023-12-31'),
(2, 2, '2026-01-01', '2026-12-31'),
(2, 4, '2025-01-01', '2025-12-31'),
(2, 6, '2024-01-01', '2024-12-31'),
(3, 1, '2025-01-01', '2025-12-31'),
(3, 5, '2020-01-01', '2020-12-31'),
(3, 5, '2021-01-01', '2021-12-31'),
(3, 5, '2022-01-01', '2022-12-31'),
(3, 9, '2023-01-01', '2023-12-31'),
(3, 9, '2024-01-01', '2024-12-31'),
(3, 9, '2026-01-01', '2026-12-31'),
(4, 3, '2020-01-01', '2020-12-31'),
(4, 3, '2021-01-01', '2021-12-31'),
(4, 3, '2022-01-01', '2022-12-31'),
(4, 3, '2023-01-01', '2023-12-31'),
(4, 3, '2026-01-01', '2026-12-31'),
(4, 7, '2025-01-01', '2025-12-31'),
(4, 8, '2024-01-01', '2024-12-31'),
(5, 1, '2022-01-01', '2022-12-31'),
(5, 1, '2023-01-01', '2023-12-31'),
(5, 1, '2024-01-01', '2024-12-31'),
(5, 1, '2026-01-01', '2026-12-31'),
(5, 2, '2025-01-01', '2025-12-31'),
(5, 6, '2020-01-01', '2020-12-31'),
(5, 6, '2021-01-01', '2021-12-31'),
(6, 2, '2024-01-01', '2024-12-31'),
(6, 4, '2025-01-01', '2025-12-31'),
(6, 4, '2026-01-01', '0000-00-00'),
(6, 10, '2020-01-01', '2020-12-31'),
(6, 10, '2021-01-01', '2021-12-31'),
(6, 10, '2022-01-01', '2022-12-31'),
(6, 10, '2023-01-01', '2023-12-31'),
(7, 1, '2025-01-01', '2025-12-31'),
(7, 2, '2023-01-01', '2023-12-31'),
(7, 2, '2024-01-01', '2024-12-31'),
(7, 2, '2026-01-01', '2026-12-31'),
(7, 8, '2020-01-01', '2020-12-31'),
(7, 8, '2021-01-01', '2021-12-31'),
(7, 8, '2022-01-01', '2022-12-31'),
(8, 1, '2020-01-01', '2020-12-31'),
(8, 1, '2021-01-01', '2021-12-31'),
(8, 1, '2022-01-01', '2022-12-31'),
(8, 1, '2023-01-01', '2023-12-31'),
(8, 6, '2026-01-01', '2026-12-31'),
(8, 9, '2025-01-01', '2025-12-31'),
(9, 3, '2021-01-01', '2021-12-31'),
(9, 3, '2022-01-01', '2022-12-31'),
(9, 3, '2023-01-01', '2023-12-31'),
(9, 3, '2026-01-01', '2026-12-31'),
(9, 5, '2025-01-01', '2025-12-31'),
(9, 9, '2020-01-01', '2020-12-31'),
(10, 3, '2025-01-01', '2025-12-31'),
(10, 5, '2020-01-01', '2020-12-31'),
(10, 5, '2021-01-01', '2021-12-31'),
(10, 5, '2022-01-01', '2022-12-31'),
(10, 5, '2023-01-01', '2023-12-31'),
(10, 5, '2026-01-01', '2026-12-31'),
(11, 1, '2024-01-01', '2024-12-31'),
(11, 3, '2020-01-01', '2020-12-31'),
(11, 6, '2022-01-01', '2022-12-31'),
(11, 6, '2026-01-01', '2026-12-31'),
(11, 7, '2023-01-01', '2023-12-31'),
(11, 10, '2021-01-01', '2021-12-31'),
(11, 10, '2025-01-01', '2025-12-31'),
(12, 1, '2020-01-01', '2020-12-31'),
(12, 2, '2021-01-01', '2021-12-31'),
(12, 2, '2022-01-01', '2022-12-31'),
(12, 2, '2025-01-01', '2025-12-31'),
(12, 7, '2023-01-01', '2023-12-31'),
(12, 7, '2024-01-01', '2024-12-31'),
(12, 7, '2026-01-01', '2026-12-31'),
(13, 1, '2024-01-01', '2024-12-31'),
(13, 5, '2020-01-01', '2020-12-31'),
(13, 5, '2021-01-01', '2021-12-31'),
(13, 5, '2022-01-01', '2022-12-31'),
(13, 5, '2026-01-01', '2026-12-31'),
(13, 6, '2025-01-01', '2025-12-31'),
(13, 9, '2023-01-01', '2023-12-31'),
(14, 1, '2021-01-01', '2021-12-31'),
(14, 1, '2023-01-01', '2023-12-31'),
(14, 2, '2024-01-01', '2024-12-31'),
(14, 3, '2025-01-01', '2025-12-31'),
(14, 4, '2026-01-01', '2026-12-31'),
(15, 4, '2024-01-01', '2024-12-31'),
(15, 7, '2025-01-01', '2025-12-31'),
(15, 8, '2020-01-01', '2020-12-31'),
(15, 8, '2023-01-01', '2023-12-31'),
(15, 10, '2021-01-01', '2021-12-31'),
(15, 10, '2026-01-01', '2026-12-31'),
(16, 1, '2025-01-01', '2025-12-31'),
(16, 2, '2024-01-01', '2024-12-31'),
(16, 6, '2020-01-01', '2020-12-31'),
(16, 6, '2021-01-01', '2021-12-31'),
(16, 6, '2022-01-01', '2022-12-31'),
(16, 6, '2023-01-01', '2023-12-31'),
(16, 6, '2026-01-01', '2026-12-31'),
(17, 2, '2023-01-01', '2023-12-31'),
(17, 2, '2026-01-01', '2026-12-31'),
(17, 4, '2020-01-01', '2020-12-31'),
(17, 5, '2024-01-01', '2024-12-31'),
(17, 5, '2025-01-01', '2025-12-31'),
(17, 9, '2021-01-01', '2021-12-31'),
(17, 9, '2022-01-01', '2022-12-31'),
(18, 1, '2022-01-01', '2022-12-31'),
(18, 3, '2024-01-01', '2024-12-31'),
(18, 3, '2026-01-01', '2026-12-31'),
(18, 7, '2023-01-01', '2023-12-31'),
(18, 8, '2025-01-01', '2025-12-31'),
(18, 10, '2020-01-01', '2020-12-31'),
(18, 10, '2021-01-01', '2021-12-31'),
(19, 4, '2020-01-01', '2020-12-31'),
(19, 4, '2025-01-01', '2025-12-31'),
(19, 7, '2022-01-01', '2022-12-31'),
(19, 7, '2023-01-01', '2023-12-31'),
(19, 7, '2024-01-01', '2024-12-31'),
(19, 7, '2026-01-01', '2026-12-31'),
(20, 1, '2024-01-01', '2024-12-31'),
(20, 4, '2020-01-01', '2020-12-31'),
(20, 4, '2021-01-01', '2021-12-31'),
(20, 4, '2022-01-01', '2022-12-31'),
(20, 4, '2025-01-01', '2025-12-31'),
(20, 4, '2026-01-01', '2026-12-31'),
(20, 7, '2023-01-01', '2023-12-31'),
(21, 1, '2023-01-01', '2023-12-31'),
(21, 1, '2024-01-01', '2024-12-31'),
(21, 1, '2026-01-01', '2026-12-31'),
(21, 2, '2020-01-01', '2020-12-31'),
(21, 2, '2021-01-01', '2021-12-31'),
(21, 2, '2022-01-01', '2022-12-31'),
(21, 6, '2025-01-01', '2025-12-31'),
(22, 1, '2025-01-01', '2025-12-31'),
(22, 4, '2020-01-01', '2020-12-31'),
(22, 4, '2022-01-01', '2022-12-31'),
(22, 4, '2023-01-01', '2023-12-31'),
(22, 4, '2024-01-01', '2024-12-31'),
(22, 4, '2026-01-01', '2026-12-31'),
(22, 10, '2021-01-01', '2021-12-31'),
(23, 6, '2020-01-01', '2020-12-31'),
(23, 6, '2023-01-01', '2023-12-31'),
(23, 6, '2024-01-01', '2024-12-31'),
(23, 6, '2026-01-01', '2026-12-31'),
(23, 10, '2025-01-01', '2025-12-31'),
(24, 1, '2024-01-01', '2024-12-31'),
(24, 3, '2025-01-01', '2025-12-31'),
(24, 8, '2020-01-01', '2020-12-31'),
(24, 8, '2021-01-01', '2021-12-31'),
(24, 8, '2022-01-01', '2022-12-31'),
(24, 8, '2023-01-01', '2023-12-31'),
(24, 8, '2026-01-01', '2026-12-31'),
(25, 3, '2023-01-01', '2023-12-31'),
(25, 3, '2024-01-01', '2024-12-31'),
(25, 3, '2026-01-01', '2026-12-31'),
(25, 5, '2020-01-01', '2020-12-31'),
(25, 8, '2025-01-01', '2025-12-31'),
(25, 10, '2021-01-01', '2021-12-31'),
(25, 10, '2022-01-01', '2022-12-31'),
(26, 5, '2020-01-01', '2020-12-31'),
(26, 5, '2021-01-01', '2021-12-31'),
(26, 5, '2022-01-01', '2022-12-31'),
(26, 5, '2023-01-01', '2023-12-31'),
(26, 5, '2024-01-01', '2024-12-31'),
(26, 5, '2026-01-01', '2026-12-31'),
(26, 6, '2025-01-01', '2025-12-31'),
(27, 1, '2024-01-01', '2024-12-31'),
(27, 2, '2025-01-01', '2025-12-31'),
(27, 7, '2023-01-01', '2023-12-31'),
(27, 9, '2020-01-01', '2020-12-31'),
(27, 9, '2021-01-01', '2021-12-31'),
(27, 9, '2022-01-01', '2022-12-31'),
(27, 9, '2026-01-01', '2026-12-31'),
(28, 1, '2022-01-01', '2022-12-31'),
(28, 1, '2023-01-01', '2023-12-31'),
(28, 1, '2024-01-01', '2024-12-31'),
(28, 1, '2026-01-01', '2026-12-31'),
(28, 5, '2020-01-01', '2020-12-31'),
(28, 5, '2025-01-01', '2025-12-31'),
(29, 3, '2023-01-01', '2023-12-31'),
(29, 3, '2024-01-01', '2024-12-31'),
(29, 3, '2025-01-01', '2025-12-31'),
(29, 7, '2020-01-01', '2020-12-31'),
(29, 7, '2021-01-01', '2021-12-31'),
(29, 7, '2022-01-01', '2022-12-31'),
(29, 7, '2026-01-01', '2026-12-31'),
(30, 5, '2020-01-01', '2020-12-31'),
(30, 7, '2025-01-01', '2025-12-31'),
(30, 10, '2021-01-01', '2021-12-31'),
(30, 10, '2022-01-01', '2022-12-31'),
(30, 10, '2023-01-01', '2023-12-31'),
(30, 10, '2024-01-01', '2024-12-31'),
(30, 10, '2026-01-01', '2026-12-31'),
(31, 1, '2024-01-01', '2024-12-31'),
(31, 3, '2020-01-01', '2020-12-31'),
(31, 3, '2021-01-01', '2021-12-31'),
(31, 3, '2022-01-01', '2022-12-31'),
(31, 4, '2025-01-01', '2025-12-31'),
(31, 7, '2023-01-01', '2023-12-31'),
(31, 8, '2026-01-01', '2026-12-31'),
(32, 6, '2020-01-01', '2020-12-31'),
(32, 6, '2021-01-01', '2021-12-31'),
(32, 6, '2022-01-01', '2022-12-31'),
(32, 6, '2023-01-01', '2023-12-31'),
(32, 6, '2024-01-01', '2024-12-31'),
(32, 6, '2026-01-01', '2026-12-31'),
(32, 8, '2025-01-01', '2025-12-31'),
(33, 1, '2025-01-01', '2025-12-31'),
(33, 3, '2024-01-01', '2024-12-31'),
(33, 9, '2020-01-01', '2020-12-31'),
(33, 9, '2021-01-01', '2021-12-31'),
(33, 9, '2022-01-01', '2022-12-31'),
(33, 9, '2023-01-01', '2023-12-31'),
(33, 9, '2026-01-01', '0000-00-00'),
(34, 2, '2020-01-01', '2020-12-31'),
(34, 2, '2021-01-01', '2021-12-31'),
(34, 2, '2022-01-01', '2022-12-31'),
(34, 2, '2023-01-01', '2023-12-31'),
(34, 2, '2024-01-01', '2024-12-31'),
(34, 2, '2026-01-01', '2026-12-31'),
(34, 6, '2025-01-01', '2025-12-31'),
(35, 3, '2024-01-01', '2024-12-31'),
(35, 5, '2021-01-01', '2021-12-31'),
(35, 5, '2022-01-01', '2022-12-31'),
(35, 5, '2023-01-01', '2023-12-31'),
(35, 5, '2025-01-01', '2025-12-31'),
(35, 5, '2026-01-01', '2026-12-31'),
(35, 6, '2020-01-01', '2020-12-31'),
(36, 3, '2023-01-01', '2023-12-31'),
(36, 3, '2024-01-01', '2024-12-31'),
(36, 7, '2020-01-01', '2020-12-31'),
(36, 7, '2021-01-01', '2021-12-31'),
(36, 7, '2022-01-01', '2022-12-31'),
(36, 7, '2026-01-01', '2026-12-31'),
(36, 9, '2025-01-01', '2025-12-31'),
(37, 7, '2020-01-01', '2020-12-31'),
(37, 9, '2025-01-01', '2025-12-31'),
(37, 10, '2022-01-01', '2022-12-31'),
(37, 10, '2023-01-01', '2023-12-31'),
(37, 10, '2024-01-01', '2024-12-31'),
(37, 10, '2026-01-01', '2026-12-31'),
(38, 1, '2024-01-01', '2024-12-31'),
(38, 2, '2025-01-01', '2025-12-31'),
(38, 4, '2020-01-01', '2020-12-31'),
(38, 4, '2021-01-01', '2021-12-31'),
(38, 4, '2022-01-01', '2022-12-31'),
(38, 4, '2023-01-01', '2023-12-31'),
(38, 4, '2026-01-01', '2026-12-31'),
(39, 3, '2024-01-01', '2024-12-31'),
(39, 7, '2025-01-01', '2025-12-31'),
(39, 8, '2020-01-01', '2020-12-31'),
(39, 8, '2021-01-01', '2021-12-31'),
(39, 8, '2022-01-01', '2022-12-31'),
(39, 8, '2023-01-01', '2023-12-31'),
(39, 8, '2026-01-01', '2026-12-31'),
(40, 1, '2020-01-01', '2020-12-31'),
(40, 1, '2021-01-01', '2021-12-31'),
(40, 1, '2022-01-01', '2022-12-31'),
(40, 1, '2023-01-01', '2023-12-31'),
(40, 1, '2026-01-01', '2026-12-31'),
(40, 4, '2024-01-01', '2024-12-31'),
(40, 4, '2025-01-01', '2025-12-31'),
(41, 4, '2023-01-01', '2023-12-31'),
(41, 6, '2020-01-01', '2020-12-31'),
(41, 6, '2021-01-01', '2021-12-31'),
(41, 6, '2022-01-01', '2022-12-31'),
(41, 6, '2024-01-01', '2024-12-31'),
(41, 6, '2026-01-01', '2026-12-31'),
(41, 10, '2025-01-01', '2025-12-31'),
(42, 3, '2021-01-01', '2021-12-31'),
(42, 3, '2022-01-01', '2022-12-31'),
(42, 3, '2023-01-01', '2023-12-31'),
(42, 3, '2026-01-01', '2026-12-31'),
(42, 5, '2025-01-01', '2025-12-31'),
(42, 6, '2024-01-01', '2024-12-31'),
(42, 8, '2020-01-01', '2020-12-31'),
(43, 2, '2025-01-01', '2025-12-31'),
(43, 9, '2020-01-01', '2020-12-31'),
(43, 9, '2021-01-01', '2021-12-31'),
(43, 9, '2022-01-01', '2022-12-31'),
(43, 9, '2023-01-01', '2023-12-31'),
(43, 9, '2024-01-01', '2024-12-31'),
(43, 9, '2026-01-01', '2026-12-31'),
(44, 2, '2020-01-01', '2020-12-31'),
(44, 2, '2021-01-01', '2021-12-31'),
(44, 2, '2022-01-01', '2022-12-31'),
(44, 2, '2023-01-01', '2023-12-31'),
(44, 2, '2024-01-01', '2024-12-31'),
(44, 2, '2026-01-01', '2026-12-31'),
(44, 9, '2025-01-01', '2025-12-31'),
(45, 1, '2025-01-01', '2025-12-31'),
(45, 3, '2024-01-01', '2024-12-31'),
(45, 5, '2021-01-01', '2021-12-31'),
(45, 5, '2022-01-01', '2022-12-31'),
(45, 5, '2023-01-01', '2023-12-31'),
(45, 5, '2026-01-01', '2026-12-31'),
(45, 8, '2020-01-01', '2020-12-31'),
(46, 4, '2023-01-01', '2023-12-31'),
(46, 4, '2024-01-01', '2024-12-31'),
(46, 7, '2020-01-01', '2020-12-31'),
(46, 7, '2021-01-01', '2021-12-31'),
(46, 7, '2022-01-01', '2022-12-31'),
(46, 7, '2026-01-01', '2026-12-31'),
(46, 10, '2025-01-01', '2025-12-31'),
(47, 3, '2025-01-01', '2025-12-31'),
(47, 8, '2020-01-01', '2020-12-31'),
(47, 10, '2022-01-01', '2022-12-31'),
(47, 10, '2023-01-01', '2023-12-31'),
(47, 10, '2024-01-01', '2024-12-31'),
(47, 10, '2026-01-01', '2026-12-31'),
(48, 3, '2024-01-01', '2024-12-31'),
(48, 4, '2020-01-01', '2020-12-31'),
(48, 4, '2021-01-01', '2021-12-31'),
(48, 4, '2022-01-01', '2022-12-31'),
(48, 4, '2023-01-01', '2023-12-31'),
(48, 4, '2026-01-01', '2026-12-31'),
(48, 7, '2025-01-01', '2025-12-31'),
(49, 8, '2021-01-01', '2021-12-31'),
(49, 8, '2022-01-01', '2022-12-31'),
(49, 8, '2023-01-01', '2023-12-31'),
(49, 8, '2024-01-01', '2024-12-31'),
(49, 8, '2026-01-01', '2026-12-31'),
(49, 9, '2020-01-01', '2020-12-31'),
(50, 1, '2020-01-01', '2020-12-31'),
(50, 1, '2021-01-01', '2021-12-31'),
(50, 1, '2022-01-01', '2022-12-31'),
(50, 1, '2023-01-01', '2023-12-31'),
(50, 1, '2026-01-01', '2026-12-31'),
(50, 4, '2024-01-01', '2024-12-31'),
(50, 5, '2025-01-01', '2025-12-31'),
(51, 4, '2025-01-01', '2025-12-31'),
(51, 5, '2023-01-01', '2023-12-31'),
(51, 5, '2024-01-01', '2024-12-31'),
(51, 8, '2020-01-01', '2020-12-31'),
(51, 8, '2021-01-01', '2021-12-31'),
(51, 8, '2022-01-01', '2022-12-31'),
(51, 9, '2026-01-01', '2026-12-31'),
(52, 4, '2022-01-01', '2022-12-31'),
(52, 4, '2023-01-01', '2023-12-31'),
(52, 4, '2024-01-01', '2024-12-31'),
(52, 6, '2025-01-01', '2025-12-31'),
(52, 9, '2020-01-01', '2020-12-31'),
(53, 6, '2020-01-01', '2020-12-31'),
(53, 6, '2021-01-01', '2021-12-31'),
(53, 6, '2022-01-01', '2022-12-31'),
(53, 6, '2023-01-01', '2023-12-31'),
(53, 6, '2024-01-01', '2024-12-31'),
(53, 8, '2025-01-01', '2025-12-31'),
(54, 1, '2026-01-01', '0000-00-00'),
(54, 10, '2020-01-01', '2020-12-31'),
(54, 10, '2021-01-01', '2021-12-31'),
(54, 10, '2022-01-01', '2022-12-31'),
(54, 10, '2023-01-01', '2023-12-31'),
(54, 10, '2024-01-01', '2024-12-31'),
(55, 1, '2020-01-01', '2020-12-31'),
(55, 1, '2021-01-01', '2021-12-31'),
(55, 1, '2022-01-01', '2022-12-31'),
(55, 3, '2025-01-01', '2025-12-31'),
(55, 4, '2024-01-01', '2024-12-31'),
(55, 6, '2023-01-01', '2023-12-31'),
(56, 5, '2022-01-01', '2022-12-31'),
(56, 5, '2023-01-01', '2023-12-31'),
(56, 5, '2024-01-01', '2024-12-31'),
(56, 6, '2025-01-01', '2025-12-31'),
(56, 10, '2020-01-01', '2020-12-31'),
(57, 3, '2020-01-01', '2020-12-31'),
(57, 3, '2021-01-01', '2021-12-31'),
(57, 3, '2022-01-01', '2022-12-31'),
(57, 5, '2024-01-01', '2024-12-31'),
(57, 6, '2023-01-01', '2023-12-31'),
(57, 10, '2025-01-01', '2025-12-31'),
(58, 8, '2025-01-01', '2025-12-31'),
(58, 9, '2021-01-01', '2021-12-31'),
(58, 9, '2022-01-01', '2022-12-31'),
(58, 9, '2023-01-01', '2023-12-31'),
(58, 9, '2024-01-01', '2024-12-31'),
(58, 10, '2020-01-01', '2020-12-31'),
(59, 2, '2020-01-01', '2020-12-31'),
(59, 2, '2021-01-01', '2021-12-31'),
(59, 2, '2022-01-01', '2022-12-31'),
(59, 2, '2023-01-01', '2023-12-31'),
(59, 2, '2025-01-01', '2025-12-31'),
(59, 4, '2024-01-01', '2024-12-31'),
(60, 5, '2024-01-01', '2024-12-31'),
(60, 7, '2020-01-01', '2020-12-31'),
(60, 7, '2021-01-01', '2021-12-31'),
(60, 7, '2022-01-01', '2022-12-31'),
(60, 7, '2023-01-01', '2023-12-31'),
(60, 9, '2025-01-01', '2025-12-31'),
(61, 1, '2025-01-01', '2025-12-31'),
(61, 4, '2020-01-01', '2020-12-31'),
(61, 4, '2021-01-01', '2021-12-31'),
(61, 4, '2022-01-01', '2022-12-31'),
(61, 4, '2024-01-01', '2024-12-31'),
(61, 4, '2026-01-01', '2026-12-31'),
(61, 8, '2023-01-01', '2023-12-31'),
(62, 5, '2024-01-01', '2024-12-31'),
(62, 7, '2021-01-01', '2021-12-31'),
(62, 7, '2022-01-01', '2022-12-31'),
(62, 7, '2023-01-01', '2023-12-31'),
(62, 7, '2025-01-01', '2025-12-31'),
(62, 7, '2026-01-01', '2026-12-31'),
(62, 10, '2020-01-01', '2020-12-31'),
(63, 5, '2020-01-01', '2020-12-31'),
(63, 5, '2021-01-01', '2021-12-31'),
(63, 5, '2022-01-01', '2022-12-31'),
(63, 5, '2023-01-01', '2023-12-31'),
(63, 5, '2024-01-01', '2024-12-31'),
(63, 5, '2025-01-01', '2025-12-31'),
(63, 5, '2026-01-01', '2026-12-31'),
(64, 3, '2020-01-01', '2020-12-31'),
(64, 3, '2022-01-01', '2022-12-31'),
(64, 3, '2023-01-01', '2023-12-31'),
(64, 3, '2024-01-01', '2024-12-31'),
(64, 3, '2025-01-01', '2025-12-31'),
(64, 3, '2026-01-01', '2026-12-31'),
(65, 9, '2021-01-01', '2021-12-31'),
(65, 9, '2022-01-01', '2022-12-31'),
(65, 9, '2023-01-01', '2023-12-31'),
(65, 9, '2024-01-01', '2024-12-31'),
(65, 9, '2026-01-01', '2026-12-31'),
(65, 10, '2020-01-01', '2020-12-31'),
(65, 10, '2025-01-01', '2025-12-31'),
(66, 4, '2024-01-01', '2024-12-31'),
(66, 4, '2025-01-01', '2025-12-31'),
(66, 6, '2020-01-01', '2020-12-31'),
(66, 6, '2021-01-01', '2021-12-31'),
(66, 6, '2022-01-01', '2022-12-31'),
(66, 10, '2023-01-01', '2023-12-31'),
(66, 10, '2026-01-01', '2026-12-31'),
(67, 2, '2022-01-01', '2022-12-31'),
(67, 2, '2023-01-01', '2023-12-31'),
(67, 2, '2024-01-01', '2024-12-31'),
(67, 2, '2026-01-01', '2026-12-31'),
(67, 7, '2025-01-01', '2025-12-31'),
(67, 10, '2020-01-01', '2020-12-31'),
(68, 7, '2024-01-01', '2024-12-31'),
(68, 9, '2025-01-01', '2025-12-31'),
(68, 10, '2020-01-01', '2020-12-31'),
(68, 10, '2021-01-01', '2021-12-31'),
(68, 10, '2022-01-01', '2022-12-31'),
(68, 10, '2023-01-01', '2023-12-31'),
(68, 10, '2026-01-01', '2026-12-31'),
(69, 7, '2024-01-01', '2024-12-31'),
(69, 8, '2021-01-01', '2021-12-31'),
(69, 8, '2022-01-01', '2022-12-31'),
(69, 8, '2023-01-01', '2023-12-31'),
(69, 8, '2026-01-01', '2026-12-31'),
(69, 10, '2020-01-01', '2020-12-31'),
(69, 10, '2025-01-01', '2025-12-31'),
(70, 1, '2020-01-01', '2020-12-31'),
(70, 1, '2021-01-01', '2021-12-31'),
(70, 1, '2022-01-01', '2022-12-31'),
(70, 1, '2023-01-01', '2023-12-31'),
(70, 1, '2026-01-01', '2026-12-31'),
(70, 2, '2025-01-01', '2025-12-31'),
(70, 5, '2024-01-01', '2024-12-31'),
(71, 2, '2020-01-01', '2020-12-31'),
(71, 2, '2021-01-01', '2021-12-31'),
(71, 2, '2022-01-01', '2022-12-31'),
(71, 2, '2026-01-01', '2026-12-31'),
(71, 7, '2024-01-01', '2024-12-31'),
(71, 9, '2025-01-01', '2025-12-31'),
(72, 6, '2021-01-01', '2021-12-31'),
(72, 6, '2022-01-01', '2022-12-31'),
(72, 6, '2023-01-01', '2023-12-31'),
(72, 6, '2024-01-01', '2024-12-31'),
(72, 6, '2026-01-01', '2026-12-31'),
(72, 8, '2025-01-01', '2025-12-31'),
(73, 4, '2020-01-01', '2020-12-31'),
(73, 4, '2021-01-01', '2021-12-31'),
(73, 4, '2022-01-01', '2022-12-31'),
(73, 4, '2023-01-01', '2023-12-31'),
(73, 4, '2026-01-01', '2026-12-31'),
(73, 7, '2024-01-01', '2024-12-31'),
(73, 10, '2025-01-01', '2025-12-31'),
(74, 6, '2025-01-01', '2025-12-31'),
(74, 8, '2020-01-01', '2020-12-31'),
(74, 8, '2021-01-01', '2021-12-31'),
(74, 8, '2022-01-01', '2022-12-31'),
(74, 8, '2023-01-01', '2023-12-31'),
(74, 8, '2024-01-01', '2024-12-31'),
(74, 8, '2026-01-01', '2026-12-31'),
(75, 5, '2025-01-01', '2025-12-31'),
(75, 10, '2021-01-01', '2021-12-31'),
(75, 10, '2022-01-01', '2022-12-31'),
(75, 10, '2023-01-01', '2023-12-31'),
(75, 10, '2024-01-01', '2024-12-31'),
(76, 1, '2020-01-01', '2020-12-31'),
(76, 1, '2021-01-01', '2021-12-31'),
(76, 1, '2025-01-01', '2025-12-31'),
(76, 1, '2026-01-01', '2026-12-31'),
(76, 7, '2024-01-01', '2024-12-31'),
(77, 5, '2022-01-01', '2022-12-31'),
(77, 5, '2023-01-01', '2023-12-31'),
(77, 5, '2024-01-01', '2024-12-31'),
(77, 5, '2026-01-01', '2026-12-31'),
(77, 10, '2025-01-01', '2025-12-31'),
(78, 7, '2020-01-01', '2020-12-31'),
(78, 7, '2021-01-01', '2021-12-31'),
(78, 7, '2022-01-01', '2022-12-31'),
(78, 7, '2024-01-01', '2024-12-31'),
(78, 7, '2025-01-01', '2025-12-31'),
(79, 4, '2025-01-01', '2025-12-31'),
(79, 9, '2021-01-01', '2021-12-31'),
(79, 9, '2022-01-01', '2022-12-31'),
(79, 9, '2023-01-01', '2023-12-31'),
(79, 9, '2024-01-01', '2024-12-31'),
(79, 9, '2026-01-01', '2026-12-31'),
(80, 3, '2020-01-01', '2020-12-31'),
(80, 3, '2021-01-01', '2021-12-31'),
(80, 3, '2022-01-01', '2022-12-31'),
(80, 3, '2023-01-01', '2023-12-31'),
(80, 3, '2026-01-01', '2026-12-31'),
(80, 9, '2024-01-01', '2024-12-31'),
(81, 3, '2025-01-01', '2025-12-31'),
(81, 5, '2020-01-01', '2020-12-31'),
(81, 5, '2021-01-01', '2021-12-31'),
(81, 5, '2022-01-01', '2022-12-31'),
(81, 5, '2026-01-01', '2026-12-31'),
(81, 6, '2024-01-01', '2024-12-31'),
(82, 6, '2021-01-01', '2021-12-31'),
(82, 6, '2022-01-01', '2022-12-31'),
(82, 6, '2023-01-01', '2023-12-31'),
(82, 6, '2026-01-01', '2026-12-31'),
(82, 10, '2024-01-01', '2024-12-31'),
(83, 6, '2024-01-01', '2024-12-31'),
(83, 8, '2025-01-01', '2025-12-31'),
(83, 9, '2020-01-01', '2020-12-31'),
(83, 9, '2021-01-01', '2021-12-31'),
(83, 9, '2022-01-01', '2022-12-31'),
(83, 9, '2023-01-01', '2023-12-31'),
(83, 9, '2026-01-01', '2026-12-31'),
(84, 2, '2020-01-01', '2020-12-31'),
(84, 2, '2021-01-01', '2021-12-31'),
(84, 2, '2022-01-01', '2022-12-31'),
(84, 2, '2023-01-01', '2023-12-31'),
(84, 2, '2024-01-01', '2024-12-31'),
(84, 2, '2025-01-01', '2025-12-31'),
(84, 5, '2026-01-01', '2026-12-31'),
(85, 6, '2025-01-01', '2025-12-31'),
(85, 8, '2021-01-01', '2021-12-31'),
(85, 8, '2022-01-01', '2022-12-31'),
(85, 8, '2023-01-01', '2023-12-31'),
(85, 8, '2024-01-01', '2024-12-31'),
(85, 8, '2026-01-01', '2026-12-31'),
(86, 3, '2020-01-01', '2020-12-31'),
(86, 3, '2021-01-01', '2021-12-31'),
(86, 3, '2022-01-01', '2022-12-31'),
(86, 3, '2026-01-01', '2026-12-31'),
(86, 5, '2025-01-01', '2025-12-31'),
(86, 6, '2024-01-01', '2024-12-31'),
(87, 6, '2025-01-01', '2025-12-31'),
(87, 10, '2022-01-01', '2022-12-31'),
(87, 10, '2023-01-01', '2023-12-31'),
(87, 10, '2024-01-01', '2024-12-31'),
(87, 10, '2026-01-01', '2026-12-31'),
(88, 1, '2025-01-01', '2025-12-31'),
(88, 7, '2020-01-01', '2020-12-31'),
(88, 7, '2021-01-01', '2021-12-31'),
(88, 7, '2022-01-01', '2022-12-31'),
(88, 7, '2024-01-01', '2024-12-31'),
(88, 7, '2026-01-01', '2026-12-31'),
(89, 4, '2021-01-01', '2021-12-31'),
(89, 4, '2023-01-01', '2023-12-31'),
(89, 4, '2026-01-01', '2026-12-31'),
(89, 7, '2025-01-01', '2025-12-31'),
(89, 10, '2024-01-01', '2024-12-31'),
(90, 1, '2020-01-01', '2020-12-31'),
(90, 1, '2021-01-01', '2021-12-31'),
(90, 1, '2022-01-01', '2022-12-31'),
(90, 1, '2023-01-01', '2023-12-31'),
(90, 1, '2026-01-01', '2026-12-31'),
(90, 8, '2024-01-01', '2024-12-31'),
(90, 8, '2025-01-01', '2025-12-31'),
(91, 6, '2020-01-01', '2020-12-31'),
(91, 6, '2021-01-01', '2021-12-31'),
(91, 6, '2022-01-01', '2022-12-31'),
(91, 8, '2024-01-01', '2024-12-31'),
(91, 9, '2025-01-01', '2025-12-31'),
(92, 3, '2021-01-01', '2021-12-31'),
(92, 3, '2022-01-01', '2022-12-31'),
(92, 3, '2023-01-01', '2023-12-31'),
(92, 3, '2025-01-01', '2025-12-31'),
(92, 8, '2024-01-01', '2024-12-31'),
(93, 4, '2025-01-01', '2025-12-31'),
(93, 9, '2020-01-01', '2020-12-31'),
(93, 9, '2021-01-01', '2021-12-31'),
(93, 9, '2022-01-01', '2022-12-31'),
(93, 9, '2023-01-01', '2023-12-31'),
(93, 9, '2024-01-01', '2024-12-31'),
(94, 2, '2020-01-01', '2020-12-31'),
(94, 2, '2021-01-01', '2021-12-31'),
(94, 2, '2023-01-01', '2023-12-31'),
(94, 2, '2024-01-01', '2024-12-31'),
(94, 9, '2025-01-01', '2025-12-31'),
(95, 2, '2025-01-01', '2025-12-31'),
(95, 8, '2021-01-01', '2021-12-31'),
(95, 8, '2022-01-01', '2022-12-31'),
(95, 8, '2023-01-01', '2023-12-31'),
(95, 8, '2024-01-01', '2024-12-31'),
(95, 10, '2026-01-01', '2026-12-31'),
(96, 4, '2020-01-01', '2020-12-31'),
(96, 4, '2021-01-01', '2021-12-31'),
(96, 7, '2025-01-01', '2025-12-31'),
(96, 9, '2024-01-01', '2024-12-31'),
(97, 1, '2025-01-01', '2025-12-31'),
(97, 10, '2022-01-01', '2022-12-31'),
(97, 10, '2023-01-01', '2023-12-31'),
(97, 10, '2024-01-01', '2024-12-31'),
(98, 5, '2025-01-01', '2025-12-31'),
(98, 7, '2020-01-01', '2020-12-31'),
(98, 7, '2021-01-01', '2021-12-31'),
(98, 7, '2022-01-01', '2022-12-31'),
(99, 5, '2021-01-01', '2021-12-31'),
(99, 5, '2023-01-01', '2023-12-31'),
(99, 8, '2025-01-01', '2025-12-31'),
(99, 9, '2024-01-01', '2024-12-31'),
(100, 1, '2020-01-01', '2020-12-31'),
(100, 1, '2021-01-01', '2021-12-31'),
(100, 6, '2025-01-01', '2025-12-31'),
(101, 7, '2020-01-01', '2020-12-31'),
(101, 7, '2021-01-01', '2021-12-31'),
(101, 7, '2022-01-01', '2022-12-31'),
(101, 7, '2026-01-01', '2026-12-31'),
(101, 10, '2025-01-01', '2025-12-31'),
(102, 4, '2021-01-01', '2021-12-31'),
(102, 4, '2022-01-01', '2022-12-31'),
(102, 4, '2023-01-01', '2023-12-31'),
(102, 4, '2026-01-01', '2026-12-31'),
(102, 8, '2024-01-01', '2024-12-31'),
(102, 9, '2025-01-01', '2025-12-31'),
(103, 2, '2025-01-01', '2025-12-31'),
(103, 6, '2020-01-01', '2020-12-31'),
(103, 6, '2021-01-01', '2021-12-31'),
(103, 6, '2022-01-01', '2022-12-31'),
(103, 6, '2023-01-01', '2023-12-31'),
(103, 6, '2026-01-01', '2026-12-31'),
(104, 9, '2020-01-01', '2020-12-31'),
(104, 9, '2021-01-01', '2021-12-31'),
(104, 9, '2022-01-01', '2022-12-31'),
(104, 9, '2023-01-01', '2023-12-31'),
(104, 9, '2024-01-01', '2024-12-31'),
(104, 9, '2026-01-01', '2026-12-31'),
(105, 1, '2026-01-01', '2026-12-31'),
(106, 8, '2020-01-01', '2020-12-31'),
(106, 8, '2021-01-01', '2021-12-31'),
(106, 8, '2022-01-01', '2022-12-31'),
(106, 8, '2024-01-01', '2024-12-31'),
(106, 8, '2026-01-01', '2026-12-31'),
(107, 10, '2024-01-01', '2024-12-31'),
(107, 10, '2026-01-01', '2026-12-31'),
(108, 2, '2020-01-01', '2020-12-31'),
(108, 2, '2026-01-01', '2026-12-31'),
(109, 3, '2020-01-01', '2020-12-31'),
(109, 5, '2021-01-01', '2021-12-31'),
(109, 5, '2023-01-01', '2023-12-31'),
(109, 5, '2026-01-01', '2026-12-31'),
(110, 3, '2020-01-01', '2020-12-31'),
(110, 3, '2021-01-01', '2021-12-31'),
(110, 3, '2022-01-01', '2022-12-31'),
(110, 3, '2023-01-01', '2023-12-31'),
(110, 3, '2026-01-01', '2026-12-31'),
(111, 5, '2020-01-01', '2020-12-31'),
(111, 5, '2026-01-01', '2026-12-31'),
(111, 8, '2025-01-01', '2025-12-31'),
(112, 6, '2023-01-01', '2023-12-31'),
(112, 6, '2026-01-01', '2026-12-31'),
(113, 9, '2020-01-01', '2020-12-31'),
(113, 9, '2026-01-01', '2026-12-31'),
(114, 2, '2020-01-01', '2020-12-31'),
(114, 2, '2021-01-01', '2021-12-31'),
(114, 2, '2022-01-01', '2022-12-31'),
(114, 2, '2023-01-01', '2023-12-31'),
(114, 2, '2024-01-01', '2024-12-31'),
(115, 6, '2026-01-01', '0000-00-00'),
(115, 8, '2023-01-01', '2023-12-31'),
(116, 3, '2020-01-01', '2020-12-31'),
(116, 3, '2021-01-01', '2021-12-31'),
(116, 3, '2026-01-01', '2026-12-31'),
(118, 7, '2020-01-01', '2020-12-31'),
(118, 7, '2021-01-01', '2021-12-31'),
(118, 7, '2026-01-01', '2026-12-31'),
(119, 4, '2021-01-01', '2021-12-31'),
(119, 4, '2022-01-01', '2022-12-31'),
(119, 4, '2023-01-01', '2023-12-31'),
(119, 4, '2026-01-01', '2026-12-31'),
(120, 1, '2020-01-01', '2020-12-31'),
(120, 1, '2021-01-01', '2021-12-31'),
(120, 1, '2022-01-01', '2022-12-31'),
(120, 1, '2023-01-01', '2023-12-31'),
(120, 1, '2026-01-01', '2026-12-31');

-- --------------------------------------------------------

--
-- Table structure for table `deelnemers`
--

CREATE TABLE `deelnemers` (
  `id` int(11) NOT NULL,
  `wedstrijdId` int(11) NOT NULL,
  `rennerId` int(11) NOT NULL,
  `ploegId` int(11) NOT NULL
) ENGINE=InnoDB DEFAULT CHARSET=utf8mb4 COLLATE=utf8mb4_general_ci;

--
-- Dumping data for table `deelnemers`
--

INSERT INTO `deelnemers` (`id`, `wedstrijdId`, `rennerId`, `ploegId`) VALUES
(1, 1, 3, 1),
(2, 1, 7, 1),
(3, 1, 16, 1),
(4, 1, 22, 1),
(5, 1, 33, 1),
(6, 1, 5, 2),
(7, 1, 12, 2),
(8, 1, 27, 2),
(9, 1, 38, 2),
(10, 1, 43, 2),
(11, 1, 6, 4),
(12, 1, 19, 4),
(13, 1, 20, 4),
(14, 1, 31, 4),
(15, 1, 40, 4),
(16, 1, 9, 5),
(17, 1, 17, 5),
(18, 1, 28, 5),
(19, 1, 35, 5),
(20, 1, 42, 5),
(21, 1, 13, 6),
(22, 1, 21, 6),
(23, 1, 26, 6),
(24, 1, 34, 6),
(25, 1, 52, 6),
(26, 1, 4, 7),
(27, 1, 15, 7),
(28, 1, 30, 7),
(29, 1, 39, 7),
(30, 1, 48, 7),
(31, 1, 25, 8),
(32, 1, 32, 8),
(33, 1, 53, 8),
(34, 1, 58, 8),
(35, 1, 72, 8),
(36, 1, 36, 9),
(37, 1, 37, 9),
(38, 1, 44, 9),
(39, 1, 60, 9),
(40, 1, 71, 9),
(41, 1, 11, 10),
(42, 1, 23, 10),
(43, 1, 41, 10),
(44, 1, 46, 10),
(45, 1, 57, 10),
(46, 7, 1, 3),
(47, 7, 10, 3),
(48, 7, 24, 3),
(49, 7, 29, 3),
(50, 7, 64, 3),
(51, 7, 5, 2),
(52, 7, 12, 2),
(53, 7, 27, 2),
(54, 7, 38, 2),
(55, 7, 43, 2),
(56, 7, 6, 4),
(57, 7, 19, 4),
(58, 7, 20, 4),
(59, 7, 31, 4),
(60, 7, 40, 4),
(61, 7, 9, 5),
(62, 7, 17, 5),
(63, 7, 28, 5),
(64, 7, 35, 5),
(65, 7, 42, 5),
(66, 7, 13, 6),
(67, 7, 21, 6),
(68, 7, 26, 6),
(69, 7, 34, 6),
(70, 7, 52, 6),
(71, 7, 4, 7),
(72, 7, 15, 7),
(73, 7, 30, 7),
(74, 7, 39, 7),
(75, 7, 48, 7),
(76, 7, 25, 8),
(77, 7, 32, 8),
(78, 7, 53, 8),
(79, 7, 58, 8),
(80, 7, 72, 8),
(81, 7, 36, 9),
(82, 7, 37, 9),
(83, 7, 44, 9),
(84, 7, 60, 9),
(85, 7, 71, 9),
(86, 13, 3, 1),
(87, 13, 7, 1),
(88, 13, 16, 1),
(89, 13, 22, 1),
(90, 13, 33, 1),
(91, 13, 5, 2),
(92, 13, 12, 2),
(93, 13, 27, 2),
(94, 13, 38, 2),
(95, 13, 43, 2),
(96, 13, 6, 4),
(97, 13, 19, 4),
(98, 13, 20, 4),
(99, 13, 31, 4),
(100, 13, 40, 4),
(101, 13, 9, 5),
(102, 13, 17, 5),
(103, 13, 28, 5),
(104, 13, 35, 5),
(105, 13, 42, 5),
(106, 13, 13, 6),
(107, 13, 21, 6),
(108, 13, 26, 6),
(109, 13, 34, 6),
(110, 13, 52, 6),
(111, 13, 4, 7),
(112, 13, 15, 7),
(113, 13, 30, 7),
(114, 13, 39, 7),
(115, 13, 48, 7),
(116, 13, 25, 8),
(117, 13, 32, 8),
(118, 13, 53, 8),
(119, 13, 58, 8),
(120, 13, 72, 8),
(121, 19, 3, 1),
(122, 19, 7, 1),
(123, 19, 16, 1),
(124, 19, 22, 1),
(125, 19, 33, 1),
(126, 19, 5, 2),
(127, 19, 12, 2),
(128, 19, 27, 2),
(129, 19, 38, 2),
(130, 19, 43, 2),
(131, 19, 6, 4),
(132, 19, 19, 4),
(133, 19, 20, 4),
(134, 19, 31, 4),
(135, 19, 40, 4),
(136, 19, 9, 5),
(137, 19, 17, 5),
(138, 19, 28, 5),
(139, 19, 35, 5),
(140, 19, 42, 5),
(141, 19, 13, 6),
(142, 19, 21, 6),
(143, 19, 26, 6),
(144, 19, 34, 6),
(145, 19, 52, 6),
(146, 19, 4, 7),
(147, 19, 15, 7),
(148, 19, 30, 7),
(149, 19, 39, 7),
(150, 19, 48, 7),
(151, 19, 25, 8),
(152, 19, 32, 8),
(153, 19, 53, 8),
(154, 19, 58, 8),
(155, 19, 72, 8),
(156, 19, 36, 9),
(157, 19, 37, 9),
(158, 19, 44, 9),
(159, 19, 60, 9),
(160, 19, 71, 9),
(161, 19, 11, 10),
(162, 19, 23, 10),
(163, 19, 41, 10),
(164, 19, 46, 10),
(165, 19, 57, 10),
(166, 31, 3, 1),
(167, 31, 7, 1),
(168, 31, 16, 1),
(169, 31, 22, 1),
(170, 31, 33, 1),
(171, 31, 5, 2),
(172, 31, 12, 2),
(173, 31, 27, 2),
(174, 31, 38, 2),
(175, 31, 43, 2),
(176, 31, 6, 4),
(177, 31, 19, 4),
(178, 31, 20, 4),
(179, 31, 31, 4),
(180, 31, 40, 4),
(181, 31, 9, 5),
(182, 31, 17, 5),
(183, 31, 28, 5),
(184, 31, 35, 5),
(185, 31, 42, 5),
(186, 31, 13, 6),
(187, 31, 21, 6),
(188, 31, 26, 6),
(189, 31, 34, 6),
(190, 31, 52, 6),
(191, 31, 4, 7),
(192, 31, 15, 7),
(193, 31, 30, 7),
(194, 31, 39, 7),
(195, 31, 48, 7),
(196, 31, 25, 8),
(197, 31, 32, 8),
(198, 31, 53, 8),
(199, 31, 58, 8),
(200, 31, 72, 8),
(201, 31, 36, 9),
(202, 31, 37, 9),
(203, 31, 44, 9),
(204, 31, 60, 9),
(205, 31, 71, 9),
(206, 37, 1, 3),
(207, 37, 10, 3),
(208, 37, 24, 3),
(209, 37, 29, 3),
(210, 37, 64, 3),
(211, 37, 5, 2),
(212, 37, 12, 2),
(213, 37, 27, 2),
(214, 37, 38, 2),
(215, 37, 43, 2),
(216, 37, 6, 4),
(217, 37, 19, 4),
(218, 37, 20, 4),
(219, 37, 31, 4),
(220, 37, 40, 4),
(221, 37, 9, 5),
(222, 37, 17, 5),
(223, 37, 28, 5),
(224, 37, 35, 5),
(225, 37, 42, 5),
(226, 37, 13, 6),
(227, 37, 21, 6),
(228, 37, 26, 6),
(229, 37, 34, 6),
(230, 37, 52, 6),
(231, 37, 4, 7),
(232, 37, 15, 7),
(233, 37, 30, 7),
(234, 37, 39, 7),
(235, 37, 48, 7),
(236, 37, 25, 8),
(237, 37, 32, 8),
(238, 37, 53, 8),
(239, 37, 58, 8),
(240, 37, 72, 8),
(241, 37, 36, 9),
(242, 37, 37, 9),
(243, 37, 44, 9),
(244, 37, 60, 9),
(245, 37, 71, 9),
(246, 37, 11, 10),
(247, 37, 23, 10),
(248, 37, 41, 10),
(249, 37, 46, 10),
(250, 37, 57, 10),
(251, 43, 3, 1),
(252, 43, 7, 1),
(253, 43, 16, 1),
(254, 43, 22, 1),
(255, 43, 33, 1),
(256, 43, 5, 2),
(257, 43, 12, 2),
(258, 43, 27, 2),
(259, 43, 38, 2),
(260, 43, 43, 2),
(261, 43, 6, 4),
(262, 43, 19, 4),
(263, 43, 20, 4),
(264, 43, 31, 4),
(265, 43, 40, 4),
(266, 43, 9, 5),
(267, 43, 17, 5),
(268, 43, 28, 5),
(269, 43, 35, 5),
(270, 43, 42, 5),
(271, 43, 13, 6),
(272, 43, 21, 6),
(273, 43, 26, 6),
(274, 43, 34, 6),
(275, 43, 52, 6),
(276, 43, 4, 7),
(277, 43, 15, 7),
(278, 43, 30, 7),
(279, 43, 39, 7),
(280, 43, 48, 7),
(281, 43, 25, 8),
(282, 43, 32, 8),
(283, 43, 53, 8),
(284, 43, 58, 8),
(285, 43, 72, 8),
(286, 49, 3, 1),
(287, 49, 7, 1),
(288, 49, 16, 1),
(289, 49, 22, 1),
(290, 49, 33, 1),
(291, 49, 5, 2),
(292, 49, 12, 2),
(293, 49, 27, 2),
(294, 49, 38, 2),
(295, 49, 43, 2),
(296, 49, 6, 4),
(297, 49, 19, 4),
(298, 49, 20, 4),
(299, 49, 31, 4),
(300, 49, 40, 4),
(301, 49, 9, 5),
(302, 49, 17, 5),
(303, 49, 28, 5),
(304, 49, 35, 5),
(305, 49, 42, 5),
(306, 49, 13, 6),
(307, 49, 21, 6),
(308, 49, 26, 6),
(309, 49, 34, 6),
(310, 49, 52, 6),
(311, 49, 4, 7),
(312, 49, 15, 7),
(313, 49, 30, 7),
(314, 49, 39, 7),
(315, 49, 48, 7),
(316, 49, 25, 8),
(317, 49, 32, 8),
(318, 49, 53, 8),
(319, 49, 58, 8),
(320, 49, 72, 8),
(321, 49, 36, 9),
(322, 49, 37, 9),
(323, 49, 44, 9),
(324, 49, 60, 9),
(325, 49, 71, 9),
(326, 55, 3, 1),
(327, 55, 7, 1),
(328, 55, 16, 1),
(329, 55, 22, 1),
(330, 55, 33, 1),
(331, 55, 5, 2),
(332, 55, 12, 2),
(333, 55, 27, 2),
(334, 55, 38, 2),
(335, 55, 43, 2),
(336, 55, 6, 4),
(337, 55, 19, 4),
(338, 55, 20, 4),
(339, 55, 31, 4),
(340, 55, 40, 4),
(341, 55, 9, 5),
(342, 55, 17, 5),
(343, 55, 28, 5),
(344, 55, 35, 5),
(345, 55, 42, 5),
(346, 55, 13, 6),
(347, 55, 21, 6),
(348, 55, 26, 6),
(349, 55, 34, 6),
(350, 55, 52, 6),
(351, 55, 4, 7),
(352, 55, 15, 7),
(353, 55, 30, 7),
(354, 55, 39, 7),
(355, 55, 48, 7),
(356, 55, 25, 8),
(357, 55, 32, 8),
(358, 55, 53, 8),
(359, 55, 58, 8),
(360, 55, 72, 8),
(361, 55, 36, 9),
(362, 55, 37, 9),
(363, 55, 44, 9),
(364, 55, 60, 9),
(365, 55, 71, 9),
(366, 55, 11, 10),
(367, 55, 23, 10),
(368, 55, 41, 10),
(369, 55, 46, 10),
(370, 55, 57, 10),
(371, 61, 1, 3),
(372, 61, 10, 3),
(373, 61, 24, 3),
(374, 61, 29, 3),
(375, 61, 64, 3),
(376, 61, 5, 2),
(377, 61, 12, 2),
(378, 61, 27, 2),
(379, 61, 38, 2),
(380, 61, 43, 2),
(381, 61, 6, 4),
(382, 61, 19, 4),
(383, 61, 20, 4),
(384, 61, 31, 4),
(385, 61, 40, 4),
(386, 61, 9, 5),
(387, 61, 17, 5),
(388, 61, 28, 5),
(389, 61, 35, 5),
(390, 61, 42, 5),
(391, 61, 13, 6),
(392, 61, 21, 6),
(393, 61, 26, 6),
(394, 61, 34, 6),
(395, 61, 52, 6),
(396, 61, 4, 7),
(397, 61, 15, 7),
(398, 61, 30, 7),
(399, 61, 39, 7),
(400, 61, 48, 7),
(401, 61, 25, 8),
(402, 61, 32, 8),
(403, 61, 53, 8),
(404, 61, 58, 8),
(405, 61, 72, 8),
(406, 61, 36, 9),
(407, 61, 37, 9),
(408, 61, 44, 9),
(409, 61, 60, 9),
(410, 61, 71, 9),
(411, 67, 3, 1),
(412, 67, 7, 1),
(413, 67, 16, 1),
(414, 67, 22, 1),
(415, 67, 33, 1),
(416, 67, 5, 2),
(417, 67, 12, 2),
(418, 67, 27, 2),
(419, 67, 38, 2),
(420, 67, 43, 2),
(421, 67, 6, 4),
(422, 67, 19, 4),
(423, 67, 20, 4),
(424, 67, 31, 4),
(425, 67, 40, 4),
(426, 67, 9, 5),
(427, 67, 17, 5),
(428, 67, 28, 5),
(429, 67, 35, 5),
(430, 67, 42, 5),
(431, 67, 13, 6),
(432, 67, 21, 6),
(433, 67, 26, 6),
(434, 67, 34, 6),
(435, 67, 52, 6),
(436, 67, 4, 7),
(437, 67, 15, 7),
(438, 67, 30, 7),
(439, 67, 39, 7),
(440, 67, 48, 7),
(441, 67, 25, 8),
(442, 67, 32, 8),
(443, 67, 53, 8),
(444, 67, 58, 8),
(445, 67, 72, 8),
(446, 73, 3, 1),
(447, 73, 7, 1),
(448, 73, 16, 1),
(449, 73, 22, 1),
(450, 73, 33, 1),
(451, 73, 5, 2),
(452, 73, 12, 2),
(453, 73, 27, 2),
(454, 73, 38, 2),
(455, 73, 43, 2),
(456, 73, 6, 4),
(457, 73, 19, 4),
(458, 73, 20, 4),
(459, 73, 31, 4),
(460, 73, 40, 4),
(461, 73, 9, 5),
(462, 73, 17, 5),
(463, 73, 28, 5),
(464, 73, 35, 5),
(465, 73, 42, 5),
(466, 73, 13, 6),
(467, 73, 21, 6),
(468, 73, 26, 6),
(469, 73, 34, 6),
(470, 73, 52, 6),
(471, 73, 4, 7),
(472, 73, 15, 7),
(473, 73, 30, 7),
(474, 73, 39, 7),
(475, 73, 48, 7),
(476, 73, 25, 8),
(477, 73, 32, 8),
(478, 73, 53, 8),
(479, 73, 58, 8),
(480, 73, 72, 8),
(481, 73, 36, 9),
(482, 73, 37, 9),
(483, 73, 44, 9),
(484, 73, 60, 9),
(485, 73, 71, 9),
(486, 79, 1, 3),
(487, 79, 10, 3),
(488, 79, 24, 3),
(489, 79, 29, 3),
(490, 79, 64, 3),
(491, 79, 5, 2),
(492, 79, 12, 2),
(493, 79, 27, 2),
(494, 79, 38, 2),
(495, 79, 43, 2),
(496, 79, 6, 4),
(497, 79, 19, 4),
(498, 79, 20, 4),
(499, 79, 31, 4),
(500, 79, 40, 4),
(501, 79, 9, 5),
(502, 79, 17, 5),
(503, 79, 28, 5),
(504, 79, 35, 5),
(505, 79, 42, 5),
(506, 79, 13, 6),
(507, 79, 21, 6),
(508, 79, 26, 6),
(509, 79, 34, 6),
(510, 79, 52, 6),
(511, 79, 4, 7),
(512, 79, 15, 7),
(513, 79, 30, 7),
(514, 79, 39, 7),
(515, 79, 48, 7),
(516, 79, 25, 8),
(517, 79, 32, 8),
(518, 79, 53, 8),
(519, 79, 58, 8),
(520, 79, 72, 8),
(521, 79, 36, 9),
(522, 79, 37, 9),
(523, 79, 44, 9),
(524, 79, 60, 9),
(525, 79, 71, 9),
(526, 79, 11, 10),
(527, 79, 23, 10),
(528, 79, 41, 10),
(529, 79, 46, 10),
(530, 79, 57, 10),
(531, 85, 3, 1),
(532, 85, 7, 1),
(533, 85, 16, 1),
(534, 85, 22, 1),
(535, 85, 33, 1),
(536, 85, 5, 2),
(537, 85, 12, 2),
(538, 85, 27, 2),
(539, 85, 38, 2),
(540, 85, 43, 2),
(541, 85, 6, 4),
(542, 85, 19, 4),
(543, 85, 20, 4),
(544, 85, 31, 4),
(545, 85, 40, 4),
(546, 85, 9, 5),
(547, 85, 17, 5),
(548, 85, 28, 5),
(549, 85, 35, 5),
(550, 85, 42, 5),
(551, 85, 13, 6),
(552, 85, 21, 6),
(553, 85, 26, 6),
(554, 85, 34, 6),
(555, 85, 52, 6),
(556, 85, 4, 7),
(557, 85, 15, 7),
(558, 85, 30, 7),
(559, 85, 39, 7),
(560, 85, 48, 7),
(561, 85, 25, 8),
(562, 85, 32, 8),
(563, 85, 53, 8),
(564, 85, 58, 8),
(565, 85, 72, 8),
(566, 91, 3, 1),
(567, 91, 7, 1),
(568, 91, 16, 1),
(569, 91, 22, 1),
(570, 91, 33, 1),
(571, 91, 5, 2),
(572, 91, 12, 2),
(573, 91, 27, 2),
(574, 91, 38, 2),
(575, 91, 43, 2),
(576, 91, 6, 4),
(577, 91, 19, 4),
(578, 91, 20, 4),
(579, 91, 31, 4),
(580, 91, 40, 4),
(581, 91, 9, 5),
(582, 91, 17, 5),
(583, 91, 28, 5),
(584, 91, 35, 5),
(585, 91, 42, 5),
(586, 91, 13, 6),
(587, 91, 21, 6),
(588, 91, 26, 6),
(589, 91, 34, 6),
(590, 91, 52, 6),
(591, 91, 4, 7),
(592, 91, 15, 7),
(593, 91, 30, 7),
(594, 91, 39, 7),
(595, 91, 48, 7),
(596, 91, 25, 8),
(597, 91, 32, 8),
(598, 91, 53, 8),
(599, 91, 58, 8),
(600, 91, 72, 8),
(601, 91, 36, 9),
(602, 91, 37, 9),
(603, 91, 44, 9),
(604, 91, 60, 9),
(605, 91, 71, 9),
(606, 91, 11, 10),
(607, 91, 23, 10),
(608, 91, 41, 10),
(609, 91, 46, 10),
(610, 91, 57, 10),
(611, 97, 1, 3),
(612, 97, 10, 3),
(613, 97, 24, 3),
(614, 97, 29, 3),
(615, 97, 64, 3),
(616, 97, 5, 2),
(617, 97, 12, 2),
(618, 97, 27, 2),
(619, 97, 38, 2),
(620, 97, 43, 2),
(621, 97, 6, 4),
(622, 97, 19, 4),
(623, 97, 20, 4),
(624, 97, 31, 4),
(625, 97, 40, 4),
(626, 97, 9, 5),
(627, 97, 17, 5),
(628, 97, 28, 5),
(629, 97, 35, 5),
(630, 97, 42, 5),
(631, 97, 13, 6),
(632, 97, 21, 6),
(633, 97, 26, 6),
(634, 97, 34, 6),
(635, 97, 52, 6),
(636, 97, 4, 7),
(637, 97, 15, 7),
(638, 97, 30, 7),
(639, 97, 39, 7),
(640, 97, 48, 7),
(641, 97, 25, 8),
(642, 97, 32, 8),
(643, 97, 53, 8),
(644, 97, 58, 8),
(645, 97, 72, 8),
(646, 97, 36, 9),
(647, 97, 37, 9),
(648, 97, 44, 9),
(649, 97, 60, 9),
(650, 97, 71, 9),
(651, 103, 3, 1),
(652, 103, 7, 1),
(653, 103, 16, 1),
(654, 103, 22, 1),
(655, 103, 33, 1),
(656, 103, 5, 2),
(657, 103, 12, 2),
(658, 103, 27, 2),
(659, 103, 38, 2),
(660, 103, 43, 2),
(661, 103, 6, 4),
(662, 103, 19, 4),
(663, 103, 20, 4),
(664, 103, 31, 4),
(665, 103, 40, 4),
(666, 103, 9, 5),
(667, 103, 17, 5),
(668, 103, 28, 5),
(669, 103, 35, 5),
(670, 103, 42, 5),
(671, 103, 13, 6),
(672, 103, 21, 6),
(673, 103, 26, 6),
(674, 103, 34, 6),
(675, 103, 52, 6),
(676, 103, 4, 7),
(677, 103, 15, 7),
(678, 103, 30, 7),
(679, 103, 39, 7),
(680, 103, 48, 7),
(681, 103, 25, 8),
(682, 103, 32, 8),
(683, 103, 53, 8),
(684, 103, 58, 8),
(685, 103, 72, 8),
(686, 109, 3, 1),
(687, 109, 7, 1),
(688, 109, 16, 1),
(689, 109, 22, 1),
(690, 109, 33, 1),
(691, 109, 5, 2),
(692, 109, 12, 2),
(693, 109, 27, 2),
(694, 109, 38, 2),
(695, 109, 43, 2),
(696, 109, 6, 4),
(697, 109, 19, 4),
(698, 109, 20, 4),
(699, 109, 31, 4),
(700, 109, 40, 4),
(701, 109, 9, 5),
(702, 109, 17, 5),
(703, 109, 28, 5),
(704, 109, 35, 5),
(705, 109, 42, 5),
(706, 109, 13, 6),
(707, 109, 21, 6),
(708, 109, 26, 6),
(709, 109, 34, 6),
(710, 109, 52, 6),
(711, 109, 4, 7),
(712, 109, 15, 7),
(713, 109, 30, 7),
(714, 109, 39, 7),
(715, 109, 48, 7),
(716, 109, 25, 8),
(717, 109, 32, 8),
(718, 109, 53, 8),
(719, 109, 58, 8),
(720, 109, 72, 8),
(721, 109, 36, 9),
(722, 109, 37, 9),
(723, 109, 44, 9),
(724, 109, 60, 9),
(725, 109, 71, 9),
(726, 115, 3, 1),
(727, 115, 7, 1),
(728, 115, 16, 1),
(729, 115, 22, 1),
(730, 115, 33, 1),
(731, 115, 5, 2),
(732, 115, 12, 2),
(733, 115, 27, 2),
(734, 115, 38, 2),
(735, 115, 43, 2),
(736, 115, 6, 4),
(737, 115, 19, 4),
(738, 115, 20, 4),
(739, 115, 31, 4),
(740, 115, 40, 4),
(741, 115, 9, 5),
(742, 115, 17, 5),
(743, 115, 28, 5),
(744, 115, 35, 5),
(745, 115, 42, 5),
(746, 115, 13, 6),
(747, 115, 21, 6),
(748, 115, 26, 6),
(749, 115, 34, 6),
(750, 115, 52, 6),
(751, 115, 4, 7),
(752, 115, 15, 7),
(753, 115, 30, 7),
(754, 115, 39, 7),
(755, 115, 48, 7),
(756, 115, 25, 8),
(757, 115, 32, 8),
(758, 115, 53, 8),
(759, 115, 58, 8),
(760, 115, 72, 8),
(761, 115, 36, 9),
(762, 115, 37, 9),
(763, 115, 44, 9),
(764, 115, 60, 9),
(765, 115, 71, 9),
(766, 115, 11, 10),
(767, 115, 23, 10),
(768, 115, 41, 10),
(769, 115, 46, 10),
(770, 115, 57, 10),
(771, 2, 1, 4),
(772, 2, 20, 4),
(773, 2, 38, 4),
(774, 2, 61, 4),
(775, 2, 89, 4),
(776, 2, 2, 2),
(777, 2, 12, 2),
(778, 2, 21, 2),
(779, 2, 34, 2),
(780, 2, 44, 2),
(781, 2, 3, 5),
(782, 2, 10, 5),
(783, 2, 13, 5),
(784, 2, 26, 5),
(785, 2, 35, 5),
(786, 2, 4, 3),
(787, 2, 9, 3),
(788, 2, 31, 3),
(789, 2, 42, 3),
(790, 2, 57, 3),
(791, 2, 6, 10),
(792, 2, 11, 10),
(793, 2, 15, 10),
(794, 2, 18, 10),
(795, 2, 22, 10),
(796, 8, 5, 6),
(797, 8, 16, 6),
(798, 8, 32, 6),
(799, 8, 41, 6),
(800, 8, 53, 6),
(801, 8, 7, 8),
(802, 8, 24, 8),
(803, 8, 39, 8),
(804, 8, 49, 8),
(805, 8, 51, 8),
(806, 8, 8, 1),
(807, 8, 14, 1),
(808, 8, 40, 1),
(809, 8, 50, 1),
(810, 8, 55, 1),
(811, 8, 17, 9),
(812, 8, 27, 9),
(813, 8, 33, 9),
(814, 8, 43, 9),
(815, 8, 58, 9),
(816, 8, 29, 7),
(817, 8, 36, 7),
(818, 8, 46, 7),
(819, 8, 60, 7),
(820, 8, 62, 7),
(821, 14, 63, 5),
(822, 14, 81, 5),
(823, 14, 99, 5),
(824, 14, 109, 5),
(825, 14, 66, 6),
(826, 14, 72, 6),
(827, 14, 82, 6),
(828, 14, 91, 6),
(829, 14, 103, 6),
(830, 14, 65, 9),
(831, 14, 79, 9),
(832, 14, 83, 9),
(833, 14, 93, 9),
(834, 14, 104, 9),
(835, 14, 69, 8),
(836, 14, 74, 8),
(837, 14, 85, 8),
(838, 14, 95, 8),
(839, 14, 106, 8),
(840, 14, 70, 1),
(841, 14, 76, 1),
(842, 14, 90, 1),
(843, 14, 100, 1),
(844, 14, 120, 1),
(845, 20, 78, 7),
(846, 20, 88, 7),
(847, 20, 98, 7),
(848, 20, 101, 7),
(849, 20, 118, 7),
(850, 20, 80, 3),
(851, 20, 86, 3),
(852, 20, 92, 3),
(853, 20, 110, 3),
(854, 20, 116, 3),
(855, 20, 59, 2),
(856, 20, 71, 2),
(857, 20, 84, 2),
(858, 20, 94, 2),
(859, 20, 114, 2),
(860, 20, 119, 4),
(861, 20, 102, 4),
(862, 20, 96, 4),
(863, 20, 73, 4),
(864, 20, 1, 4),
(865, 20, 54, 10),
(866, 20, 25, 10),
(867, 20, 30, 10),
(868, 20, 75, 10),
(869, 20, 22, 10),
(870, 26, 1, 4),
(871, 26, 20, 4),
(872, 26, 38, 4),
(873, 26, 61, 4),
(874, 26, 89, 4),
(875, 26, 2, 2),
(876, 26, 12, 2),
(877, 26, 21, 2),
(878, 26, 34, 2),
(879, 26, 44, 2),
(880, 26, 3, 5),
(881, 26, 10, 5),
(882, 26, 13, 5),
(883, 26, 26, 5),
(884, 26, 35, 5),
(885, 26, 4, 3),
(886, 26, 9, 3),
(887, 26, 31, 3),
(888, 26, 42, 3),
(889, 26, 57, 3),
(890, 26, 6, 10),
(891, 26, 11, 10),
(892, 26, 15, 10),
(893, 26, 18, 10),
(894, 26, 22, 10),
(895, 32, 5, 6),
(896, 32, 16, 6),
(897, 32, 32, 6),
(898, 32, 41, 6),
(899, 32, 53, 6),
(900, 32, 7, 8),
(901, 32, 24, 8),
(902, 32, 39, 8),
(903, 32, 49, 8),
(904, 32, 51, 8),
(905, 32, 8, 1),
(906, 32, 14, 1),
(907, 32, 40, 1),
(908, 32, 50, 1),
(909, 32, 55, 1),
(910, 32, 17, 9),
(911, 32, 27, 9),
(912, 32, 33, 9),
(913, 32, 43, 9),
(914, 32, 58, 9),
(915, 32, 29, 7),
(916, 32, 36, 7),
(917, 32, 46, 7),
(918, 32, 60, 7),
(919, 32, 62, 7),
(920, 38, 63, 5),
(921, 38, 81, 5),
(922, 38, 99, 5),
(923, 38, 109, 5),
(924, 38, 66, 6),
(925, 38, 72, 6),
(926, 38, 82, 6),
(927, 38, 91, 6),
(928, 38, 103, 6),
(929, 38, 65, 9),
(930, 38, 79, 9),
(931, 38, 83, 9),
(932, 38, 93, 9),
(933, 38, 104, 9),
(934, 38, 69, 8),
(935, 38, 74, 8),
(936, 38, 85, 8),
(937, 38, 95, 8),
(938, 38, 106, 8),
(939, 38, 70, 1),
(940, 38, 76, 1),
(941, 38, 90, 1),
(942, 38, 100, 1),
(943, 38, 120, 1),
(944, 44, 78, 7),
(945, 44, 88, 7),
(946, 44, 98, 7),
(947, 44, 101, 7),
(948, 44, 118, 7),
(949, 44, 80, 3),
(950, 44, 86, 3),
(951, 44, 92, 3),
(952, 44, 110, 3),
(953, 44, 116, 3),
(954, 44, 59, 2),
(955, 44, 71, 2),
(956, 44, 84, 2),
(957, 44, 94, 2),
(958, 44, 114, 2),
(959, 44, 119, 4),
(960, 44, 102, 4),
(961, 44, 96, 4),
(962, 44, 73, 4),
(963, 44, 1, 4),
(964, 44, 54, 10),
(965, 44, 25, 10),
(966, 44, 30, 10),
(967, 44, 75, 10),
(968, 44, 22, 10),
(969, 50, 1, 4),
(970, 50, 20, 4),
(971, 50, 38, 4),
(972, 50, 61, 4),
(973, 50, 89, 4),
(974, 50, 2, 2),
(975, 50, 12, 2),
(976, 50, 21, 2),
(977, 50, 34, 2),
(978, 50, 44, 2),
(979, 50, 3, 5),
(980, 50, 10, 5),
(981, 50, 13, 5),
(982, 50, 26, 5),
(983, 50, 35, 5),
(984, 50, 4, 3),
(985, 50, 9, 3),
(986, 50, 31, 3),
(987, 50, 42, 3),
(988, 50, 57, 3),
(989, 50, 6, 10),
(990, 50, 11, 10),
(991, 50, 15, 10),
(992, 50, 18, 10),
(993, 50, 22, 10),
(994, 56, 5, 6),
(995, 56, 16, 6),
(996, 56, 32, 6),
(997, 56, 41, 6),
(998, 56, 53, 6),
(999, 56, 7, 8),
(1000, 56, 24, 8),
(1001, 56, 39, 8),
(1002, 56, 49, 8),
(1003, 56, 51, 8),
(1004, 56, 8, 1),
(1005, 56, 14, 1),
(1006, 56, 40, 1),
(1007, 56, 50, 1),
(1008, 56, 55, 1),
(1009, 56, 17, 9),
(1010, 56, 27, 9),
(1011, 56, 33, 9),
(1012, 56, 43, 9),
(1013, 56, 58, 9),
(1014, 56, 29, 7),
(1015, 56, 36, 7),
(1016, 56, 46, 7),
(1017, 56, 60, 7),
(1018, 56, 62, 7),
(1019, 62, 63, 5),
(1020, 62, 81, 5),
(1021, 62, 99, 5),
(1022, 62, 109, 5),
(1023, 62, 66, 6),
(1024, 62, 72, 6),
(1025, 62, 82, 6),
(1026, 62, 91, 6),
(1027, 62, 103, 6),
(1028, 62, 65, 9),
(1029, 62, 79, 9),
(1030, 62, 83, 9),
(1031, 62, 93, 9),
(1032, 62, 104, 9),
(1033, 62, 69, 8),
(1034, 62, 74, 8),
(1035, 62, 85, 8),
(1036, 62, 95, 8),
(1037, 62, 106, 8),
(1038, 62, 70, 1),
(1039, 62, 76, 1),
(1040, 62, 90, 1),
(1041, 62, 100, 1),
(1042, 62, 120, 1),
(1043, 68, 78, 7),
(1044, 68, 88, 7),
(1045, 68, 98, 7),
(1046, 68, 101, 7),
(1047, 68, 118, 7),
(1048, 68, 80, 3),
(1049, 68, 86, 3),
(1050, 68, 92, 3),
(1051, 68, 110, 3),
(1052, 68, 116, 3),
(1053, 68, 59, 2),
(1054, 68, 71, 2),
(1055, 68, 84, 2),
(1056, 68, 94, 2),
(1057, 68, 114, 2),
(1058, 68, 119, 4),
(1059, 68, 102, 4),
(1060, 68, 96, 4),
(1061, 68, 73, 4),
(1062, 68, 1, 4),
(1063, 68, 54, 10),
(1064, 68, 25, 10),
(1065, 68, 30, 10),
(1066, 68, 75, 10),
(1067, 68, 22, 10),
(1068, 74, 1, 4),
(1069, 74, 20, 4),
(1070, 74, 38, 4),
(1071, 74, 61, 4),
(1072, 74, 89, 4),
(1073, 74, 2, 2),
(1074, 74, 12, 2),
(1075, 74, 21, 2),
(1076, 74, 34, 2),
(1077, 74, 44, 2),
(1078, 74, 3, 5),
(1079, 74, 10, 5),
(1080, 74, 13, 5),
(1081, 74, 26, 5),
(1082, 74, 35, 5),
(1083, 74, 4, 3),
(1084, 74, 9, 3),
(1085, 74, 31, 3),
(1086, 74, 42, 3),
(1087, 74, 57, 3),
(1088, 74, 6, 10),
(1089, 74, 11, 10),
(1090, 74, 15, 10),
(1091, 74, 18, 10),
(1092, 74, 22, 10),
(1093, 80, 5, 6),
(1094, 80, 16, 6),
(1095, 80, 32, 6),
(1096, 80, 41, 6),
(1097, 80, 53, 6),
(1098, 80, 7, 8),
(1099, 80, 24, 8),
(1100, 80, 39, 8),
(1101, 80, 49, 8),
(1102, 80, 51, 8),
(1103, 80, 8, 1),
(1104, 80, 14, 1),
(1105, 80, 40, 1),
(1106, 80, 50, 1),
(1107, 80, 55, 1),
(1108, 80, 17, 9),
(1109, 80, 27, 9),
(1110, 80, 33, 9),
(1111, 80, 43, 9),
(1112, 80, 58, 9),
(1113, 80, 29, 7),
(1114, 80, 36, 7),
(1115, 80, 46, 7),
(1116, 80, 60, 7),
(1117, 80, 62, 7),
(1118, 86, 63, 5),
(1119, 86, 81, 5),
(1120, 86, 99, 5),
(1121, 86, 109, 5),
(1122, 86, 66, 6),
(1123, 86, 72, 6),
(1124, 86, 82, 6),
(1125, 86, 91, 6),
(1126, 86, 103, 6),
(1127, 86, 65, 9),
(1128, 86, 79, 9),
(1129, 86, 83, 9),
(1130, 86, 93, 9),
(1131, 86, 104, 9),
(1132, 86, 69, 8),
(1133, 86, 74, 8),
(1134, 86, 85, 8),
(1135, 86, 95, 8),
(1136, 86, 106, 8),
(1137, 86, 70, 1),
(1138, 86, 76, 1),
(1139, 86, 90, 1),
(1140, 86, 100, 1),
(1141, 86, 120, 1),
(1142, 92, 78, 7),
(1143, 92, 88, 7),
(1144, 92, 98, 7),
(1145, 92, 101, 7),
(1146, 92, 118, 7),
(1147, 92, 80, 3),
(1148, 92, 86, 3),
(1149, 92, 92, 3),
(1150, 92, 110, 3),
(1151, 92, 116, 3),
(1152, 92, 59, 2),
(1153, 92, 71, 2),
(1154, 92, 84, 2),
(1155, 92, 94, 2),
(1156, 92, 114, 2),
(1157, 92, 119, 4),
(1158, 92, 102, 4),
(1159, 92, 96, 4),
(1160, 92, 73, 4),
(1161, 92, 1, 4),
(1162, 92, 54, 10),
(1163, 92, 25, 10),
(1164, 92, 30, 10),
(1165, 92, 75, 10),
(1166, 92, 22, 10),
(1167, 98, 1, 4),
(1168, 98, 20, 4),
(1169, 98, 38, 4),
(1170, 98, 61, 4),
(1171, 98, 89, 4),
(1172, 98, 2, 2),
(1173, 98, 12, 2),
(1174, 98, 21, 2),
(1175, 98, 34, 2),
(1176, 98, 44, 2),
(1177, 98, 3, 5),
(1178, 98, 10, 5),
(1179, 98, 13, 5),
(1180, 98, 26, 5),
(1181, 98, 35, 5),
(1182, 98, 4, 3),
(1183, 98, 9, 3),
(1184, 98, 31, 3),
(1185, 98, 42, 3),
(1186, 98, 57, 3),
(1187, 98, 6, 10),
(1188, 98, 11, 10),
(1189, 98, 15, 10),
(1190, 98, 18, 10),
(1191, 98, 22, 10),
(1192, 104, 5, 6),
(1193, 104, 16, 6),
(1194, 104, 32, 6),
(1195, 104, 41, 6),
(1196, 104, 53, 6),
(1197, 104, 7, 8),
(1198, 104, 24, 8),
(1199, 104, 39, 8),
(1200, 104, 49, 8),
(1201, 104, 51, 8),
(1202, 104, 8, 1),
(1203, 104, 14, 1),
(1204, 104, 40, 1),
(1205, 104, 50, 1),
(1206, 104, 55, 1),
(1207, 104, 17, 9),
(1208, 104, 27, 9),
(1209, 104, 33, 9),
(1210, 104, 43, 9),
(1211, 104, 58, 9),
(1212, 104, 29, 7),
(1213, 104, 36, 7),
(1214, 104, 46, 7),
(1215, 104, 60, 7),
(1216, 104, 62, 7),
(1217, 110, 63, 5),
(1218, 110, 81, 5),
(1219, 110, 99, 5),
(1220, 110, 109, 5),
(1221, 110, 66, 6),
(1222, 110, 72, 6),
(1223, 110, 82, 6),
(1224, 110, 91, 6),
(1225, 110, 103, 6),
(1226, 110, 65, 9),
(1227, 110, 79, 9),
(1228, 110, 83, 9),
(1229, 110, 93, 9),
(1230, 110, 104, 9),
(1231, 110, 69, 8),
(1232, 110, 74, 8),
(1233, 110, 85, 8),
(1234, 110, 95, 8),
(1235, 110, 106, 8),
(1236, 110, 70, 1),
(1237, 110, 76, 1),
(1238, 110, 90, 1),
(1239, 110, 100, 1),
(1240, 110, 120, 1),
(1241, 116, 78, 7),
(1242, 116, 88, 7),
(1243, 116, 98, 7),
(1244, 116, 101, 7),
(1245, 116, 118, 7),
(1246, 116, 80, 3),
(1247, 116, 86, 3),
(1248, 116, 92, 3),
(1249, 116, 110, 3),
(1250, 116, 116, 3),
(1251, 116, 59, 2),
(1252, 116, 71, 2),
(1253, 116, 84, 2),
(1254, 116, 94, 2),
(1255, 116, 114, 2),
(1256, 116, 119, 4),
(1257, 116, 102, 4),
(1258, 116, 96, 4),
(1259, 116, 73, 4),
(1260, 116, 1, 4),
(1261, 116, 54, 10),
(1262, 116, 25, 10),
(1263, 116, 30, 10),
(1264, 116, 75, 10),
(1265, 116, 22, 10),
(1266, 3, 1, 4),
(1267, 3, 20, 4),
(1268, 3, 22, 4),
(1269, 3, 38, 4),
(1270, 3, 61, 4),
(1271, 3, 2, 2),
(1272, 3, 12, 2),
(1273, 3, 21, 2),
(1274, 3, 34, 2),
(1275, 3, 44, 2),
(1276, 3, 3, 5),
(1277, 3, 10, 5),
(1278, 3, 13, 5),
(1279, 3, 26, 5),
(1280, 3, 35, 5),
(1281, 3, 4, 3),
(1282, 3, 9, 3),
(1283, 3, 31, 3),
(1284, 3, 42, 3),
(1285, 3, 57, 3),
(1286, 3, 6, 10),
(1287, 3, 25, 10),
(1288, 3, 30, 10),
(1289, 3, 37, 10),
(1290, 3, 54, 10),
(1291, 9, 5, 1),
(1292, 9, 8, 1),
(1293, 9, 18, 1),
(1294, 9, 28, 1),
(1295, 9, 40, 1),
(1296, 9, 7, 8),
(1297, 9, 24, 8),
(1298, 9, 39, 8),
(1299, 9, 49, 8),
(1300, 9, 51, 8),
(1301, 9, 11, 6),
(1302, 9, 16, 6),
(1303, 9, 32, 6),
(1304, 9, 41, 6),
(1305, 9, 53, 6),
(1306, 9, 17, 9),
(1307, 9, 27, 9),
(1308, 9, 33, 9),
(1309, 9, 43, 9),
(1310, 9, 58, 9),
(1311, 9, 19, 7),
(1312, 9, 29, 7),
(1313, 9, 36, 7),
(1314, 9, 46, 7),
(1315, 9, 60, 7),
(1316, 15, 63, 5),
(1317, 15, 77, 5),
(1318, 15, 81, 5),
(1319, 15, 66, 6),
(1320, 15, 72, 6),
(1321, 15, 82, 6),
(1322, 15, 91, 6),
(1323, 15, 103, 6),
(1324, 15, 65, 9),
(1325, 15, 79, 9),
(1326, 15, 83, 9),
(1327, 15, 93, 9),
(1328, 15, 104, 9),
(1329, 15, 69, 8),
(1330, 15, 74, 8),
(1331, 15, 85, 8),
(1332, 15, 95, 8),
(1333, 15, 106, 8),
(1334, 15, 70, 1),
(1335, 15, 90, 1),
(1336, 15, 50, 1),
(1337, 15, 55, 1),
(1338, 15, 120, 1),
(1339, 21, 78, 7),
(1340, 21, 88, 7),
(1341, 21, 98, 7),
(1342, 21, 101, 7),
(1343, 21, 80, 3),
(1344, 21, 86, 3),
(1345, 21, 92, 3),
(1346, 21, 110, 3),
(1347, 21, 59, 2),
(1348, 21, 67, 2),
(1349, 21, 71, 2),
(1350, 21, 84, 2),
(1351, 21, 114, 2),
(1352, 21, 119, 4),
(1353, 21, 102, 4),
(1354, 21, 73, 4),
(1355, 21, 48, 4),
(1356, 21, 1, 4),
(1357, 21, 47, 10),
(1358, 21, 68, 10),
(1359, 21, 75, 10),
(1360, 21, 97, 10),
(1361, 21, 6, 10),
(1362, 27, 1, 4),
(1363, 27, 20, 4),
(1364, 27, 22, 4),
(1365, 27, 38, 4),
(1366, 27, 61, 4),
(1367, 27, 2, 2),
(1368, 27, 12, 2),
(1369, 27, 21, 2),
(1370, 27, 34, 2),
(1371, 27, 44, 2),
(1372, 27, 3, 5),
(1373, 27, 10, 5),
(1374, 27, 13, 5),
(1375, 27, 26, 5),
(1376, 27, 35, 5),
(1377, 27, 4, 3),
(1378, 27, 9, 3),
(1379, 27, 31, 3),
(1380, 27, 42, 3),
(1381, 27, 57, 3),
(1382, 27, 6, 10),
(1383, 27, 25, 10),
(1384, 27, 30, 10),
(1385, 27, 37, 10),
(1386, 27, 54, 10),
(1387, 33, 5, 1),
(1388, 33, 8, 1),
(1389, 33, 18, 1),
(1390, 33, 28, 1),
(1391, 33, 40, 1),
(1392, 33, 7, 8),
(1393, 33, 24, 8),
(1394, 33, 39, 8),
(1395, 33, 49, 8),
(1396, 33, 51, 8),
(1397, 33, 11, 6),
(1398, 33, 16, 6),
(1399, 33, 32, 6),
(1400, 33, 41, 6),
(1401, 33, 53, 6),
(1402, 33, 17, 9),
(1403, 33, 27, 9),
(1404, 33, 33, 9),
(1405, 33, 43, 9),
(1406, 33, 58, 9),
(1407, 33, 19, 7),
(1408, 33, 29, 7),
(1409, 33, 36, 7),
(1410, 33, 46, 7),
(1411, 33, 60, 7),
(1412, 39, 63, 5),
(1413, 39, 77, 5),
(1414, 39, 81, 5),
(1415, 39, 66, 6),
(1416, 39, 72, 6),
(1417, 39, 82, 6),
(1418, 39, 91, 6),
(1419, 39, 103, 6),
(1420, 39, 65, 9),
(1421, 39, 79, 9),
(1422, 39, 83, 9),
(1423, 39, 93, 9),
(1424, 39, 104, 9),
(1425, 39, 69, 8),
(1426, 39, 74, 8),
(1427, 39, 85, 8),
(1428, 39, 95, 8),
(1429, 39, 106, 8),
(1430, 39, 70, 1),
(1431, 39, 90, 1),
(1432, 39, 50, 1),
(1433, 39, 55, 1),
(1434, 39, 120, 1),
(1435, 45, 78, 7),
(1436, 45, 88, 7),
(1437, 45, 98, 7),
(1438, 45, 101, 7),
(1439, 45, 80, 3),
(1440, 45, 86, 3),
(1441, 45, 92, 3),
(1442, 45, 110, 3),
(1443, 45, 59, 2),
(1444, 45, 67, 2),
(1445, 45, 71, 2),
(1446, 45, 84, 2),
(1447, 45, 114, 2),
(1448, 45, 119, 4),
(1449, 45, 102, 4),
(1450, 45, 73, 4),
(1451, 45, 48, 4),
(1452, 45, 1, 4),
(1453, 45, 47, 10),
(1454, 45, 68, 10),
(1455, 45, 75, 10),
(1456, 45, 97, 10),
(1457, 45, 6, 10),
(1458, 51, 1, 4),
(1459, 51, 20, 4),
(1460, 51, 22, 4),
(1461, 51, 38, 4),
(1462, 51, 61, 4),
(1463, 51, 2, 2),
(1464, 51, 12, 2),
(1465, 51, 21, 2),
(1466, 51, 34, 2),
(1467, 51, 44, 2),
(1468, 51, 3, 5),
(1469, 51, 10, 5),
(1470, 51, 13, 5),
(1471, 51, 26, 5),
(1472, 51, 35, 5),
(1473, 51, 4, 3),
(1474, 51, 9, 3),
(1475, 51, 31, 3),
(1476, 51, 42, 3),
(1477, 51, 57, 3),
(1478, 51, 6, 10),
(1479, 51, 25, 10),
(1480, 51, 30, 10),
(1481, 51, 37, 10),
(1482, 51, 54, 10),
(1483, 57, 5, 1),
(1484, 57, 8, 1),
(1485, 57, 18, 1),
(1486, 57, 28, 1),
(1487, 57, 40, 1),
(1488, 57, 7, 8),
(1489, 57, 24, 8),
(1490, 57, 39, 8),
(1491, 57, 49, 8),
(1492, 57, 51, 8),
(1493, 57, 11, 6),
(1494, 57, 16, 6),
(1495, 57, 32, 6),
(1496, 57, 41, 6),
(1497, 57, 53, 6),
(1498, 57, 17, 9),
(1499, 57, 27, 9),
(1500, 57, 33, 9),
(1501, 57, 43, 9),
(1502, 57, 58, 9),
(1503, 57, 19, 7),
(1504, 57, 29, 7),
(1505, 57, 36, 7),
(1506, 57, 46, 7),
(1507, 57, 60, 7),
(1508, 63, 63, 5),
(1509, 63, 77, 5),
(1510, 63, 81, 5),
(1511, 63, 66, 6),
(1512, 63, 72, 6),
(1513, 63, 82, 6),
(1514, 63, 91, 6),
(1515, 63, 103, 6),
(1516, 63, 65, 9),
(1517, 63, 79, 9),
(1518, 63, 83, 9),
(1519, 63, 93, 9),
(1520, 63, 104, 9),
(1521, 63, 69, 8),
(1522, 63, 74, 8),
(1523, 63, 85, 8),
(1524, 63, 95, 8),
(1525, 63, 106, 8),
(1526, 63, 70, 1),
(1527, 63, 90, 1),
(1528, 63, 50, 1),
(1529, 63, 55, 1),
(1530, 63, 120, 1),
(1531, 69, 78, 7),
(1532, 69, 88, 7),
(1533, 69, 98, 7),
(1534, 69, 101, 7),
(1535, 69, 80, 3),
(1536, 69, 86, 3),
(1537, 69, 92, 3),
(1538, 69, 110, 3),
(1539, 69, 59, 2),
(1540, 69, 67, 2),
(1541, 69, 71, 2),
(1542, 69, 84, 2),
(1543, 69, 114, 2),
(1544, 69, 119, 4),
(1545, 69, 102, 4),
(1546, 69, 73, 4),
(1547, 69, 48, 4),
(1548, 69, 1, 4),
(1549, 69, 47, 10),
(1550, 69, 68, 10),
(1551, 69, 75, 10),
(1552, 69, 97, 10),
(1553, 69, 6, 10),
(1554, 75, 1, 4),
(1555, 75, 20, 4),
(1556, 75, 22, 4),
(1557, 75, 38, 4),
(1558, 75, 61, 4),
(1559, 75, 2, 2),
(1560, 75, 12, 2),
(1561, 75, 21, 2),
(1562, 75, 34, 2),
(1563, 75, 44, 2),
(1564, 75, 3, 5),
(1565, 75, 10, 5),
(1566, 75, 13, 5),
(1567, 75, 26, 5),
(1568, 75, 35, 5),
(1569, 75, 4, 3),
(1570, 75, 9, 3),
(1571, 75, 31, 3),
(1572, 75, 42, 3),
(1573, 75, 57, 3),
(1574, 75, 6, 10),
(1575, 75, 25, 10),
(1576, 75, 30, 10),
(1577, 75, 37, 10),
(1578, 75, 54, 10),
(1579, 81, 5, 1),
(1580, 81, 8, 1),
(1581, 81, 18, 1),
(1582, 81, 28, 1),
(1583, 81, 40, 1),
(1584, 81, 7, 8),
(1585, 81, 24, 8),
(1586, 81, 39, 8),
(1587, 81, 49, 8),
(1588, 81, 51, 8),
(1589, 81, 11, 6),
(1590, 81, 16, 6),
(1591, 81, 32, 6),
(1592, 81, 41, 6),
(1593, 81, 53, 6),
(1594, 81, 17, 9),
(1595, 81, 27, 9),
(1596, 81, 33, 9),
(1597, 81, 43, 9),
(1598, 81, 58, 9),
(1599, 81, 19, 7),
(1600, 81, 29, 7),
(1601, 81, 36, 7),
(1602, 81, 46, 7),
(1603, 81, 60, 7),
(1604, 87, 63, 5),
(1605, 87, 77, 5),
(1606, 87, 81, 5),
(1607, 87, 66, 6),
(1608, 87, 72, 6),
(1609, 87, 82, 6),
(1610, 87, 91, 6),
(1611, 87, 103, 6),
(1612, 87, 65, 9),
(1613, 87, 79, 9),
(1614, 87, 83, 9),
(1615, 87, 93, 9),
(1616, 87, 104, 9),
(1617, 87, 69, 8),
(1618, 87, 74, 8),
(1619, 87, 85, 8),
(1620, 87, 95, 8),
(1621, 87, 106, 8),
(1622, 87, 70, 1),
(1623, 87, 90, 1),
(1624, 87, 50, 1),
(1625, 87, 55, 1),
(1626, 87, 120, 1),
(1627, 93, 78, 7),
(1628, 93, 88, 7),
(1629, 93, 98, 7),
(1630, 93, 101, 7),
(1631, 93, 80, 3),
(1632, 93, 86, 3),
(1633, 93, 92, 3),
(1634, 93, 110, 3),
(1635, 93, 59, 2),
(1636, 93, 67, 2),
(1637, 93, 71, 2),
(1638, 93, 84, 2),
(1639, 93, 114, 2),
(1640, 93, 119, 4),
(1641, 93, 102, 4),
(1642, 93, 73, 4),
(1643, 93, 48, 4),
(1644, 93, 1, 4),
(1645, 93, 47, 10),
(1646, 93, 68, 10),
(1647, 93, 75, 10),
(1648, 93, 97, 10),
(1649, 93, 6, 10),
(1650, 99, 1, 4),
(1651, 99, 20, 4),
(1652, 99, 22, 4),
(1653, 99, 38, 4),
(1654, 99, 61, 4),
(1655, 99, 2, 2),
(1656, 99, 12, 2),
(1657, 99, 21, 2),
(1658, 99, 34, 2),
(1659, 99, 44, 2),
(1660, 99, 3, 5),
(1661, 99, 10, 5),
(1662, 99, 13, 5),
(1663, 99, 26, 5),
(1664, 99, 35, 5),
(1665, 99, 4, 3),
(1666, 99, 9, 3),
(1667, 99, 31, 3),
(1668, 99, 42, 3),
(1669, 99, 57, 3),
(1670, 99, 6, 10),
(1671, 99, 25, 10),
(1672, 99, 30, 10),
(1673, 99, 37, 10),
(1674, 99, 54, 10),
(1675, 105, 5, 1),
(1676, 105, 8, 1),
(1677, 105, 18, 1),
(1678, 105, 28, 1),
(1679, 105, 40, 1),
(1680, 105, 7, 8),
(1681, 105, 24, 8),
(1682, 105, 39, 8),
(1683, 105, 49, 8),
(1684, 105, 51, 8),
(1685, 105, 11, 6),
(1686, 105, 16, 6),
(1687, 105, 32, 6),
(1688, 105, 41, 6),
(1689, 105, 53, 6),
(1690, 105, 17, 9),
(1691, 105, 27, 9),
(1692, 105, 33, 9),
(1693, 105, 43, 9),
(1694, 105, 58, 9),
(1695, 105, 19, 7),
(1696, 105, 29, 7),
(1697, 105, 36, 7),
(1698, 105, 46, 7),
(1699, 105, 60, 7),
(1700, 111, 63, 5),
(1701, 111, 77, 5),
(1702, 111, 81, 5),
(1703, 111, 66, 6),
(1704, 111, 72, 6),
(1705, 111, 82, 6),
(1706, 111, 91, 6),
(1707, 111, 103, 6),
(1708, 111, 65, 9),
(1709, 111, 79, 9),
(1710, 111, 83, 9),
(1711, 111, 93, 9),
(1712, 111, 104, 9),
(1713, 111, 69, 8),
(1714, 111, 74, 8),
(1715, 111, 85, 8),
(1716, 111, 95, 8),
(1717, 111, 106, 8),
(1718, 111, 70, 1),
(1719, 111, 90, 1),
(1720, 111, 50, 1),
(1721, 111, 55, 1),
(1722, 111, 120, 1),
(1723, 117, 78, 7),
(1724, 117, 88, 7),
(1725, 117, 98, 7),
(1726, 117, 101, 7),
(1727, 117, 80, 3),
(1728, 117, 86, 3),
(1729, 117, 92, 3),
(1730, 117, 110, 3),
(1731, 117, 59, 2),
(1732, 117, 67, 2),
(1733, 117, 71, 2),
(1734, 117, 84, 2),
(1735, 117, 114, 2),
(1736, 117, 119, 4),
(1737, 117, 102, 4),
(1738, 117, 73, 4),
(1739, 117, 48, 4),
(1740, 117, 1, 4),
(1741, 117, 47, 10),
(1742, 117, 68, 10),
(1743, 117, 75, 10),
(1744, 117, 97, 10),
(1745, 117, 6, 10),
(1746, 4, 1, 7),
(1747, 4, 11, 7),
(1748, 4, 12, 7),
(1749, 4, 18, 7),
(1750, 4, 19, 7),
(1751, 4, 2, 2),
(1752, 4, 7, 2),
(1753, 4, 17, 2),
(1754, 4, 34, 2),
(1755, 4, 44, 2),
(1756, 4, 3, 9),
(1757, 4, 13, 9),
(1758, 4, 33, 9),
(1759, 4, 43, 9),
(1760, 4, 58, 9),
(1761, 4, 4, 3),
(1762, 4, 9, 3),
(1763, 4, 25, 3),
(1764, 4, 29, 3),
(1765, 4, 36, 3),
(1766, 4, 5, 1),
(1767, 4, 8, 1),
(1768, 4, 14, 1),
(1769, 4, 21, 1),
(1770, 4, 28, 1),
(1771, 10, 6, 10),
(1772, 10, 30, 10),
(1773, 10, 37, 10),
(1774, 10, 47, 10),
(1775, 10, 54, 10),
(1776, 10, 15, 8),
(1777, 10, 24, 8),
(1778, 10, 39, 8),
(1779, 10, 49, 8),
(1780, 10, 61, 8),
(1781, 10, 16, 6),
(1782, 10, 23, 6),
(1783, 10, 32, 6),
(1784, 10, 53, 6),
(1785, 10, 55, 6),
(1786, 10, 10, 5),
(1787, 10, 26, 5),
(1788, 10, 35, 5),
(1789, 10, 51, 5),
(1790, 10, 56, 5),
(1791, 10, 22, 4),
(1792, 10, 38, 4),
(1793, 10, 41, 4),
(1794, 10, 46, 4),
(1795, 10, 48, 4),
(1796, 16, 50, 1),
(1797, 16, 70, 1),
(1798, 16, 90, 1),
(1799, 16, 40, 1),
(1800, 16, 45, 5),
(1801, 16, 63, 5),
(1802, 16, 77, 5),
(1803, 16, 99, 5),
(1804, 16, 109, 5),
(1805, 16, 66, 10),
(1806, 16, 68, 10),
(1807, 16, 75, 10),
(1808, 16, 87, 10),
(1809, 16, 97, 10),
(1810, 16, 69, 8),
(1811, 16, 74, 8),
(1812, 16, 85, 8),
(1813, 16, 95, 8),
(1814, 16, 115, 8),
(1815, 16, 72, 6),
(1816, 16, 82, 6),
(1817, 16, 103, 6),
(1818, 16, 112, 6),
(1819, 22, 60, 7),
(1820, 22, 62, 7),
(1821, 22, 27, 7),
(1822, 22, 31, 7),
(1823, 22, 80, 3),
(1824, 22, 64, 3),
(1825, 22, 92, 3),
(1826, 22, 110, 3),
(1827, 22, 79, 9),
(1828, 22, 65, 9),
(1829, 22, 83, 9),
(1830, 22, 93, 9),
(1831, 22, 104, 9),
(1832, 22, 67, 2),
(1833, 22, 59, 2),
(1834, 22, 84, 2),
(1835, 22, 94, 2),
(1836, 22, 114, 2),
(1837, 22, 73, 4),
(1838, 22, 52, 4),
(1839, 22, 89, 4),
(1840, 22, 102, 4),
(1841, 22, 119, 4),
(1842, 28, 1, 7),
(1843, 28, 11, 7),
(1844, 28, 12, 7),
(1845, 28, 18, 7),
(1846, 28, 19, 7),
(1847, 28, 2, 2),
(1848, 28, 7, 2),
(1849, 28, 17, 2),
(1850, 28, 34, 2),
(1851, 28, 44, 2),
(1852, 28, 3, 9),
(1853, 28, 13, 9),
(1854, 28, 33, 9),
(1855, 28, 43, 9),
(1856, 28, 58, 9),
(1857, 28, 4, 3),
(1858, 28, 9, 3),
(1859, 28, 25, 3),
(1860, 28, 29, 3),
(1861, 28, 36, 3),
(1862, 28, 5, 1),
(1863, 28, 8, 1),
(1864, 28, 14, 1),
(1865, 28, 21, 1),
(1866, 28, 28, 1),
(1867, 34, 6, 10),
(1868, 34, 30, 10),
(1869, 34, 37, 10),
(1870, 34, 47, 10),
(1871, 34, 54, 10),
(1872, 34, 15, 8),
(1873, 34, 24, 8),
(1874, 34, 39, 8),
(1875, 34, 49, 8),
(1876, 34, 61, 8),
(1877, 34, 16, 6),
(1878, 34, 23, 6),
(1879, 34, 32, 6),
(1880, 34, 53, 6),
(1881, 34, 55, 6),
(1882, 34, 10, 5),
(1883, 34, 26, 5),
(1884, 34, 35, 5),
(1885, 34, 51, 5),
(1886, 34, 56, 5),
(1887, 34, 22, 4),
(1888, 34, 38, 4),
(1889, 34, 41, 4),
(1890, 34, 46, 4),
(1891, 34, 48, 4),
(1892, 40, 50, 1),
(1893, 40, 70, 1),
(1894, 40, 90, 1),
(1895, 40, 40, 1),
(1896, 40, 45, 5),
(1897, 40, 63, 5),
(1898, 40, 77, 5),
(1899, 40, 99, 5),
(1900, 40, 109, 5),
(1901, 40, 66, 10),
(1902, 40, 68, 10),
(1903, 40, 75, 10),
(1904, 40, 87, 10),
(1905, 40, 97, 10),
(1906, 40, 69, 8),
(1907, 40, 74, 8),
(1908, 40, 85, 8),
(1909, 40, 95, 8),
(1910, 40, 115, 8),
(1911, 40, 72, 6),
(1912, 40, 82, 6),
(1913, 40, 103, 6),
(1914, 40, 112, 6),
(1915, 46, 60, 7),
(1916, 46, 62, 7),
(1917, 46, 27, 7),
(1918, 46, 31, 7),
(1919, 46, 80, 3),
(1920, 46, 64, 3),
(1921, 46, 92, 3),
(1922, 46, 110, 3),
(1923, 46, 79, 9),
(1924, 46, 65, 9),
(1925, 46, 83, 9),
(1926, 46, 93, 9),
(1927, 46, 104, 9),
(1928, 46, 67, 2),
(1929, 46, 59, 2),
(1930, 46, 84, 2),
(1931, 46, 94, 2),
(1932, 46, 114, 2),
(1933, 46, 73, 4),
(1934, 46, 52, 4),
(1935, 46, 89, 4),
(1936, 46, 102, 4),
(1937, 46, 119, 4),
(1938, 52, 1, 7),
(1939, 52, 11, 7),
(1940, 52, 12, 7),
(1941, 52, 18, 7),
(1942, 52, 19, 7),
(1943, 52, 2, 2),
(1944, 52, 7, 2),
(1945, 52, 17, 2),
(1946, 52, 34, 2),
(1947, 52, 44, 2),
(1948, 52, 3, 9),
(1949, 52, 13, 9),
(1950, 52, 33, 9),
(1951, 52, 43, 9),
(1952, 52, 58, 9),
(1953, 52, 4, 3),
(1954, 52, 9, 3),
(1955, 52, 25, 3),
(1956, 52, 29, 3),
(1957, 52, 36, 3),
(1958, 52, 5, 1),
(1959, 52, 8, 1),
(1960, 52, 14, 1),
(1961, 52, 21, 1),
(1962, 52, 28, 1),
(1963, 58, 6, 10),
(1964, 58, 30, 10),
(1965, 58, 37, 10),
(1966, 58, 47, 10),
(1967, 58, 54, 10),
(1968, 58, 15, 8),
(1969, 58, 24, 8),
(1970, 58, 39, 8),
(1971, 58, 49, 8),
(1972, 58, 61, 8),
(1973, 58, 16, 6),
(1974, 58, 23, 6),
(1975, 58, 32, 6),
(1976, 58, 53, 6),
(1977, 58, 55, 6),
(1978, 58, 10, 5),
(1979, 58, 26, 5),
(1980, 58, 35, 5),
(1981, 58, 51, 5),
(1982, 58, 56, 5),
(1983, 58, 22, 4),
(1984, 58, 38, 4),
(1985, 58, 41, 4),
(1986, 58, 46, 4),
(1987, 58, 48, 4),
(1988, 64, 50, 1),
(1989, 64, 70, 1),
(1990, 64, 90, 1),
(1991, 64, 40, 1),
(1992, 64, 45, 5),
(1993, 64, 63, 5),
(1994, 64, 77, 5),
(1995, 64, 99, 5),
(1996, 64, 109, 5),
(1997, 64, 66, 10),
(1998, 64, 68, 10),
(1999, 64, 75, 10),
(2000, 64, 87, 10),
(2001, 64, 97, 10),
(2002, 64, 69, 8),
(2003, 64, 74, 8),
(2004, 64, 85, 8),
(2005, 64, 95, 8),
(2006, 64, 115, 8),
(2007, 64, 72, 6),
(2008, 64, 82, 6),
(2009, 64, 103, 6),
(2010, 64, 112, 6),
(2011, 70, 60, 7),
(2012, 70, 62, 7),
(2013, 70, 27, 7),
(2014, 70, 31, 7),
(2015, 70, 80, 3),
(2016, 70, 64, 3),
(2017, 70, 92, 3),
(2018, 70, 110, 3),
(2019, 70, 79, 9),
(2020, 70, 65, 9),
(2021, 70, 83, 9),
(2022, 70, 93, 9),
(2023, 70, 104, 9),
(2024, 70, 67, 2),
(2025, 70, 59, 2),
(2026, 70, 84, 2),
(2027, 70, 94, 2),
(2028, 70, 114, 2),
(2029, 70, 73, 4),
(2030, 70, 52, 4),
(2031, 70, 89, 4),
(2032, 70, 102, 4),
(2033, 70, 119, 4),
(2034, 76, 1, 7),
(2035, 76, 11, 7),
(2036, 76, 12, 7),
(2037, 76, 18, 7),
(2038, 76, 19, 7),
(2039, 76, 2, 2),
(2040, 76, 7, 2),
(2041, 76, 17, 2),
(2042, 76, 34, 2),
(2043, 76, 44, 2),
(2044, 76, 3, 9),
(2045, 76, 13, 9),
(2046, 76, 33, 9),
(2047, 76, 43, 9),
(2048, 76, 58, 9),
(2049, 76, 4, 3),
(2050, 76, 9, 3),
(2051, 76, 25, 3),
(2052, 76, 29, 3),
(2053, 76, 36, 3),
(2054, 76, 5, 1),
(2055, 76, 8, 1),
(2056, 76, 14, 1),
(2057, 76, 21, 1),
(2058, 76, 28, 1),
(2059, 82, 6, 10),
(2060, 82, 30, 10),
(2061, 82, 37, 10),
(2062, 82, 47, 10),
(2063, 82, 54, 10),
(2064, 82, 15, 8),
(2065, 82, 24, 8),
(2066, 82, 39, 8),
(2067, 82, 49, 8),
(2068, 82, 61, 8),
(2069, 82, 16, 6),
(2070, 82, 23, 6),
(2071, 82, 32, 6),
(2072, 82, 53, 6),
(2073, 82, 55, 6),
(2074, 82, 10, 5),
(2075, 82, 26, 5),
(2076, 82, 35, 5),
(2077, 82, 51, 5),
(2078, 82, 56, 5),
(2079, 82, 22, 4),
(2080, 82, 38, 4),
(2081, 82, 41, 4),
(2082, 82, 46, 4),
(2083, 82, 48, 4),
(2084, 88, 50, 1),
(2085, 88, 70, 1),
(2086, 88, 90, 1),
(2087, 88, 40, 1),
(2088, 88, 45, 5),
(2089, 88, 63, 5),
(2090, 88, 77, 5),
(2091, 88, 99, 5),
(2092, 88, 109, 5),
(2093, 88, 66, 10),
(2094, 88, 68, 10),
(2095, 88, 75, 10),
(2096, 88, 87, 10),
(2097, 88, 97, 10),
(2098, 88, 69, 8),
(2099, 88, 74, 8),
(2100, 88, 85, 8),
(2101, 88, 95, 8),
(2102, 88, 115, 8),
(2103, 88, 72, 6),
(2104, 88, 82, 6),
(2105, 88, 103, 6),
(2106, 88, 112, 6),
(2107, 94, 60, 7),
(2108, 94, 62, 7),
(2109, 94, 27, 7),
(2110, 94, 31, 7),
(2111, 94, 80, 3),
(2112, 94, 64, 3),
(2113, 94, 92, 3),
(2114, 94, 110, 3),
(2115, 94, 79, 9),
(2116, 94, 65, 9),
(2117, 94, 83, 9),
(2118, 94, 93, 9),
(2119, 94, 104, 9),
(2120, 94, 67, 2),
(2121, 94, 59, 2),
(2122, 94, 84, 2),
(2123, 94, 94, 2),
(2124, 94, 114, 2),
(2125, 94, 73, 4),
(2126, 94, 52, 4),
(2127, 94, 89, 4),
(2128, 94, 102, 4),
(2129, 94, 119, 4),
(2130, 100, 1, 7),
(2131, 100, 11, 7),
(2132, 100, 12, 7),
(2133, 100, 18, 7),
(2134, 100, 19, 7),
(2135, 100, 2, 2),
(2136, 100, 7, 2),
(2137, 100, 17, 2),
(2138, 100, 34, 2),
(2139, 100, 44, 2),
(2140, 100, 3, 9),
(2141, 100, 13, 9),
(2142, 100, 33, 9),
(2143, 100, 43, 9),
(2144, 100, 58, 9),
(2145, 100, 4, 3),
(2146, 100, 9, 3),
(2147, 100, 25, 3),
(2148, 100, 29, 3),
(2149, 100, 36, 3),
(2150, 100, 5, 1),
(2151, 100, 8, 1),
(2152, 100, 14, 1),
(2153, 100, 21, 1),
(2154, 100, 28, 1),
(2155, 106, 6, 10),
(2156, 106, 30, 10),
(2157, 106, 37, 10),
(2158, 106, 47, 10),
(2159, 106, 54, 10),
(2160, 106, 15, 8),
(2161, 106, 24, 8),
(2162, 106, 39, 8),
(2163, 106, 49, 8),
(2164, 106, 61, 8),
(2165, 106, 16, 6),
(2166, 106, 23, 6),
(2167, 106, 32, 6),
(2168, 106, 53, 6),
(2169, 106, 55, 6),
(2170, 106, 10, 5),
(2171, 106, 26, 5),
(2172, 106, 35, 5),
(2173, 106, 51, 5),
(2174, 106, 56, 5),
(2175, 106, 22, 4),
(2176, 106, 38, 4),
(2177, 106, 41, 4),
(2178, 106, 46, 4),
(2179, 106, 48, 4),
(2180, 112, 50, 1),
(2181, 112, 70, 1),
(2182, 112, 90, 1),
(2183, 112, 40, 1),
(2184, 112, 45, 5),
(2185, 112, 63, 5),
(2186, 112, 77, 5),
(2187, 112, 99, 5),
(2188, 112, 109, 5),
(2189, 112, 66, 10),
(2190, 112, 68, 10),
(2191, 112, 75, 10),
(2192, 112, 87, 10),
(2193, 112, 97, 10),
(2194, 112, 69, 8),
(2195, 112, 74, 8),
(2196, 112, 85, 8),
(2197, 112, 95, 8),
(2198, 112, 115, 8),
(2199, 112, 72, 6),
(2200, 112, 82, 6),
(2201, 112, 103, 6),
(2202, 112, 112, 6),
(2203, 118, 60, 7),
(2204, 118, 62, 7),
(2205, 118, 27, 7),
(2206, 118, 31, 7),
(2207, 118, 80, 3),
(2208, 118, 64, 3),
(2209, 118, 92, 3),
(2210, 118, 110, 3),
(2211, 118, 79, 9),
(2212, 118, 65, 9),
(2213, 118, 83, 9),
(2214, 118, 93, 9),
(2215, 118, 104, 9),
(2216, 118, 67, 2),
(2217, 118, 59, 2),
(2218, 118, 84, 2),
(2219, 118, 94, 2),
(2220, 118, 114, 2),
(2221, 118, 73, 4),
(2222, 118, 52, 4),
(2223, 118, 89, 4),
(2224, 118, 102, 4),
(2225, 118, 119, 4),
(2226, 5, 1, 7),
(2227, 5, 12, 7),
(2228, 5, 19, 7),
(2229, 5, 68, 7),
(2230, 5, 69, 7),
(2231, 5, 2, 6),
(2232, 5, 6, 2),
(2233, 5, 7, 2),
(2234, 5, 14, 2),
(2235, 5, 16, 2),
(2236, 5, 3, 9),
(2237, 5, 43, 9),
(2238, 5, 58, 9),
(2239, 5, 65, 9),
(2240, 5, 79, 9),
(2241, 5, 4, 8),
(2242, 5, 49, 8),
(2243, 5, 74, 8),
(2244, 5, 85, 8),
(2245, 5, 95, 8),
(2246, 5, 5, 1),
(2247, 5, 11, 1),
(2248, 5, 13, 1),
(2249, 5, 20, 1),
(2250, 5, 21, 1),
(2251, 11, 22, 4),
(2252, 11, 40, 4),
(2253, 11, 46, 4),
(2254, 11, 50, 4),
(2255, 11, 52, 4),
(2256, 11, 17, 5),
(2257, 11, 26, 5),
(2258, 11, 51, 5),
(2259, 11, 56, 5),
(2260, 11, 57, 5),
(2261, 11, 18, 3),
(2262, 11, 25, 3),
(2263, 11, 29, 3),
(2264, 11, 33, 3),
(2265, 11, 35, 3),
(2266, 11, 30, 10),
(2267, 11, 37, 10),
(2268, 11, 47, 10),
(2269, 11, 54, 10),
(2270, 11, 75, 10),
(2271, 11, 23, 6),
(2272, 11, 32, 6),
(2273, 11, 41, 6),
(2274, 11, 42, 6),
(2275, 11, 53, 6),
(2276, 17, 24, 1),
(2277, 17, 27, 1),
(2278, 17, 28, 1),
(2279, 17, 31, 1),
(2280, 17, 38, 1),
(2281, 17, 36, 3),
(2282, 17, 39, 3),
(2283, 17, 45, 3),
(2284, 17, 48, 3),
(2285, 17, 64, 3),
(2286, 17, 55, 4),
(2287, 17, 59, 4),
(2288, 17, 61, 4),
(2289, 17, 66, 4),
(2290, 17, 73, 4),
(2291, 17, 60, 5),
(2292, 17, 62, 5),
(2293, 17, 63, 5),
(2294, 17, 70, 5),
(2295, 17, 77, 5),
(2296, 17, 67, 2),
(2297, 17, 34, 2),
(2298, 17, 44, 2),
(2299, 17, 84, 2),
(2300, 17, 94, 2),
(2301, 23, 71, 7),
(2302, 23, 73, 7),
(2303, 23, 76, 7),
(2304, 23, 78, 7),
(2305, 23, 88, 7),
(2306, 23, 49, 8),
(2307, 23, 74, 8),
(2308, 23, 85, 8),
(2309, 23, 90, 8),
(2310, 23, 91, 8),
(2311, 23, 81, 6),
(2312, 23, 86, 6),
(2313, 23, 72, 6),
(2314, 23, 83, 6),
(2315, 23, 53, 6),
(2316, 23, 82, 10),
(2317, 23, 87, 10),
(2318, 23, 89, 10),
(2319, 23, 97, 10),
(2320, 23, 107, 10),
(2321, 23, 80, 9),
(2322, 23, 93, 9),
(2323, 23, 96, 9),
(2324, 23, 99, 9),
(2325, 23, 104, 9),
(2326, 29, 1, 7),
(2327, 29, 12, 7),
(2328, 29, 19, 7),
(2329, 29, 68, 7),
(2330, 29, 69, 7),
(2331, 29, 2, 6),
(2332, 29, 6, 2),
(2333, 29, 7, 2),
(2334, 29, 14, 2),
(2335, 29, 16, 2),
(2336, 29, 3, 9),
(2337, 29, 43, 9),
(2338, 29, 58, 9),
(2339, 29, 65, 9),
(2340, 29, 79, 9),
(2341, 29, 4, 8),
(2342, 29, 49, 8),
(2343, 29, 74, 8),
(2344, 29, 85, 8),
(2345, 29, 95, 8),
(2346, 29, 5, 1),
(2347, 29, 11, 1),
(2348, 29, 13, 1),
(2349, 29, 20, 1),
(2350, 29, 21, 1),
(2351, 35, 22, 4),
(2352, 35, 40, 4),
(2353, 35, 46, 4),
(2354, 35, 50, 4),
(2355, 35, 52, 4),
(2356, 35, 17, 5),
(2357, 35, 26, 5),
(2358, 35, 51, 5),
(2359, 35, 56, 5),
(2360, 35, 57, 5),
(2361, 35, 18, 3),
(2362, 35, 25, 3),
(2363, 35, 29, 3),
(2364, 35, 33, 3),
(2365, 35, 35, 3),
(2366, 35, 30, 10),
(2367, 35, 37, 10),
(2368, 35, 47, 10),
(2369, 35, 54, 10),
(2370, 35, 75, 10),
(2371, 35, 23, 6),
(2372, 35, 32, 6),
(2373, 35, 41, 6),
(2374, 35, 42, 6),
(2375, 35, 53, 6),
(2376, 41, 24, 1),
(2377, 41, 27, 1),
(2378, 41, 28, 1),
(2379, 41, 31, 1),
(2380, 41, 38, 1),
(2381, 41, 36, 3),
(2382, 41, 39, 3),
(2383, 41, 45, 3),
(2384, 41, 48, 3),
(2385, 41, 64, 3),
(2386, 41, 55, 4),
(2387, 41, 59, 4),
(2388, 41, 61, 4),
(2389, 41, 66, 4),
(2390, 41, 73, 4),
(2391, 41, 60, 5),
(2392, 41, 62, 5),
(2393, 41, 63, 5),
(2394, 41, 70, 5),
(2395, 41, 77, 5),
(2396, 41, 67, 2),
(2397, 41, 34, 2),
(2398, 41, 44, 2),
(2399, 41, 84, 2),
(2400, 41, 94, 2),
(2401, 47, 71, 7),
(2402, 47, 73, 7),
(2403, 47, 76, 7),
(2404, 47, 78, 7),
(2405, 47, 88, 7),
(2406, 47, 49, 8),
(2407, 47, 74, 8),
(2408, 47, 85, 8),
(2409, 47, 90, 8),
(2410, 47, 91, 8),
(2411, 47, 81, 6),
(2412, 47, 86, 6),
(2413, 47, 72, 6),
(2414, 47, 83, 6),
(2415, 47, 53, 6),
(2416, 47, 82, 10),
(2417, 47, 87, 10),
(2418, 47, 89, 10),
(2419, 47, 97, 10),
(2420, 47, 107, 10),
(2421, 47, 80, 9),
(2422, 47, 93, 9),
(2423, 47, 96, 9),
(2424, 47, 99, 9),
(2425, 47, 104, 9),
(2426, 53, 1, 7),
(2427, 53, 12, 7),
(2428, 53, 19, 7),
(2429, 53, 68, 7),
(2430, 53, 69, 7),
(2431, 53, 2, 6),
(2432, 53, 6, 2),
(2433, 53, 7, 2),
(2434, 53, 14, 2),
(2435, 53, 16, 2),
(2436, 53, 3, 9),
(2437, 53, 43, 9),
(2438, 53, 58, 9),
(2439, 53, 65, 9),
(2440, 53, 79, 9),
(2441, 53, 4, 8),
(2442, 53, 49, 8),
(2443, 53, 74, 8),
(2444, 53, 85, 8),
(2445, 53, 95, 8),
(2446, 53, 5, 1),
(2447, 53, 11, 1),
(2448, 53, 13, 1),
(2449, 53, 20, 1),
(2450, 53, 21, 1),
(2451, 59, 22, 4),
(2452, 59, 40, 4),
(2453, 59, 46, 4),
(2454, 59, 50, 4),
(2455, 59, 52, 4),
(2456, 59, 17, 5),
(2457, 59, 26, 5),
(2458, 59, 51, 5),
(2459, 59, 56, 5),
(2460, 59, 57, 5),
(2461, 59, 18, 3),
(2462, 59, 25, 3),
(2463, 59, 29, 3),
(2464, 59, 33, 3),
(2465, 59, 35, 3),
(2466, 59, 30, 10),
(2467, 59, 37, 10),
(2468, 59, 47, 10),
(2469, 59, 54, 10),
(2470, 59, 75, 10),
(2471, 59, 23, 6),
(2472, 59, 32, 6),
(2473, 59, 41, 6),
(2474, 59, 42, 6),
(2475, 59, 53, 6),
(2476, 65, 24, 1),
(2477, 65, 27, 1),
(2478, 65, 28, 1),
(2479, 65, 31, 1),
(2480, 65, 38, 1),
(2481, 65, 36, 3),
(2482, 65, 39, 3),
(2483, 65, 45, 3),
(2484, 65, 48, 3),
(2485, 65, 64, 3),
(2486, 65, 55, 4),
(2487, 65, 59, 4),
(2488, 65, 61, 4),
(2489, 65, 66, 4),
(2490, 65, 73, 4),
(2491, 65, 60, 5),
(2492, 65, 62, 5),
(2493, 65, 63, 5),
(2494, 65, 70, 5),
(2495, 65, 77, 5),
(2496, 65, 67, 2),
(2497, 65, 34, 2),
(2498, 65, 44, 2),
(2499, 65, 84, 2),
(2500, 65, 94, 2),
(2501, 71, 71, 7),
(2502, 71, 73, 7),
(2503, 71, 76, 7),
(2504, 71, 78, 7),
(2505, 71, 88, 7),
(2506, 71, 49, 8),
(2507, 71, 74, 8),
(2508, 71, 85, 8),
(2509, 71, 90, 8),
(2510, 71, 91, 8),
(2511, 71, 81, 6),
(2512, 71, 86, 6),
(2513, 71, 72, 6),
(2514, 71, 83, 6),
(2515, 71, 53, 6),
(2516, 71, 82, 10),
(2517, 71, 87, 10),
(2518, 71, 89, 10),
(2519, 71, 97, 10),
(2520, 71, 107, 10),
(2521, 71, 80, 9),
(2522, 71, 93, 9),
(2523, 71, 96, 9),
(2524, 71, 99, 9),
(2525, 71, 104, 9),
(2526, 77, 1, 7),
(2527, 77, 12, 7),
(2528, 77, 19, 7),
(2529, 77, 68, 7),
(2530, 77, 69, 7),
(2531, 77, 2, 6),
(2532, 77, 6, 2),
(2533, 77, 7, 2),
(2534, 77, 14, 2),
(2535, 77, 16, 2),
(2536, 77, 3, 9),
(2537, 77, 43, 9),
(2538, 77, 58, 9),
(2539, 77, 65, 9),
(2540, 77, 79, 9),
(2541, 77, 4, 8),
(2542, 77, 49, 8),
(2543, 77, 74, 8),
(2544, 77, 85, 8),
(2545, 77, 95, 8),
(2546, 77, 5, 1),
(2547, 77, 11, 1),
(2548, 77, 13, 1),
(2549, 77, 20, 1),
(2550, 77, 21, 1),
(2551, 83, 22, 4),
(2552, 83, 40, 4),
(2553, 83, 46, 4),
(2554, 83, 50, 4),
(2555, 83, 52, 4),
(2556, 83, 17, 5),
(2557, 83, 26, 5),
(2558, 83, 51, 5),
(2559, 83, 56, 5),
(2560, 83, 57, 5),
(2561, 83, 18, 3),
(2562, 83, 25, 3),
(2563, 83, 29, 3),
(2564, 83, 33, 3),
(2565, 83, 35, 3),
(2566, 83, 30, 10),
(2567, 83, 37, 10),
(2568, 83, 47, 10),
(2569, 83, 54, 10),
(2570, 83, 75, 10),
(2571, 83, 23, 6),
(2572, 83, 32, 6),
(2573, 83, 41, 6),
(2574, 83, 42, 6),
(2575, 83, 53, 6),
(2576, 89, 24, 1),
(2577, 89, 27, 1),
(2578, 89, 28, 1),
(2579, 89, 31, 1),
(2580, 89, 38, 1),
(2581, 89, 36, 3),
(2582, 89, 39, 3),
(2583, 89, 45, 3),
(2584, 89, 48, 3),
(2585, 89, 64, 3),
(2586, 89, 55, 4),
(2587, 89, 59, 4),
(2588, 89, 61, 4),
(2589, 89, 66, 4),
(2590, 89, 73, 4),
(2591, 89, 60, 5),
(2592, 89, 62, 5),
(2593, 89, 63, 5),
(2594, 89, 70, 5),
(2595, 89, 77, 5),
(2596, 89, 67, 2),
(2597, 89, 34, 2),
(2598, 89, 44, 2),
(2599, 89, 84, 2),
(2600, 89, 94, 2),
(2601, 95, 71, 7),
(2602, 95, 73, 7),
(2603, 95, 76, 7),
(2604, 95, 78, 7),
(2605, 95, 88, 7),
(2606, 95, 49, 8),
(2607, 95, 74, 8),
(2608, 95, 85, 8),
(2609, 95, 90, 8),
(2610, 95, 91, 8),
(2611, 95, 81, 6),
(2612, 95, 86, 6),
(2613, 95, 72, 6),
(2614, 95, 83, 6),
(2615, 95, 53, 6),
(2616, 95, 82, 10),
(2617, 95, 87, 10),
(2618, 95, 89, 10),
(2619, 95, 97, 10),
(2620, 95, 107, 10),
(2621, 95, 80, 9),
(2622, 95, 93, 9),
(2623, 95, 96, 9),
(2624, 95, 99, 9),
(2625, 95, 104, 9),
(2626, 101, 1, 7),
(2627, 101, 12, 7),
(2628, 101, 19, 7),
(2629, 101, 68, 7),
(2630, 101, 69, 7),
(2631, 101, 2, 6),
(2632, 101, 6, 2),
(2633, 101, 7, 2),
(2634, 101, 14, 2),
(2635, 101, 16, 2),
(2636, 101, 3, 9),
(2637, 101, 43, 9),
(2638, 101, 58, 9),
(2639, 101, 65, 9),
(2640, 101, 79, 9),
(2641, 101, 4, 8),
(2642, 101, 49, 8),
(2643, 101, 74, 8),
(2644, 101, 85, 8),
(2645, 101, 95, 8),
(2646, 101, 5, 1),
(2647, 101, 11, 1),
(2648, 101, 13, 1),
(2649, 101, 20, 1),
(2650, 101, 21, 1),
(2651, 107, 22, 4),
(2652, 107, 40, 4),
(2653, 107, 46, 4),
(2654, 107, 50, 4),
(2655, 107, 52, 4),
(2656, 107, 17, 5),
(2657, 107, 26, 5),
(2658, 107, 51, 5),
(2659, 107, 56, 5),
(2660, 107, 57, 5),
(2661, 107, 18, 3),
(2662, 107, 25, 3),
(2663, 107, 29, 3),
(2664, 107, 33, 3),
(2665, 107, 35, 3),
(2666, 107, 30, 10),
(2667, 107, 37, 10),
(2668, 107, 47, 10),
(2669, 107, 54, 10),
(2670, 107, 75, 10),
(2671, 107, 23, 6),
(2672, 107, 32, 6),
(2673, 107, 41, 6),
(2674, 107, 42, 6),
(2675, 107, 53, 6),
(2676, 113, 24, 1),
(2677, 113, 27, 1),
(2678, 113, 28, 1),
(2679, 113, 31, 1),
(2680, 113, 38, 1),
(2681, 113, 36, 3),
(2682, 113, 39, 3),
(2683, 113, 45, 3),
(2684, 113, 48, 3),
(2685, 113, 64, 3),
(2686, 113, 55, 4),
(2687, 113, 59, 4),
(2688, 113, 61, 4),
(2689, 113, 66, 4),
(2690, 113, 73, 4),
(2691, 113, 60, 5),
(2692, 113, 62, 5),
(2693, 113, 63, 5),
(2694, 113, 70, 5),
(2695, 113, 77, 5),
(2696, 113, 67, 2),
(2697, 113, 34, 2),
(2698, 113, 44, 2),
(2699, 113, 84, 2),
(2700, 113, 94, 2),
(2701, 119, 71, 7),
(2702, 119, 73, 7),
(2703, 119, 76, 7),
(2704, 119, 78, 7),
(2705, 119, 88, 7),
(2706, 119, 49, 8),
(2707, 119, 74, 8),
(2708, 119, 85, 8),
(2709, 119, 90, 8),
(2710, 119, 91, 8),
(2711, 119, 81, 6),
(2712, 119, 86, 6),
(2713, 119, 72, 6),
(2714, 119, 83, 6),
(2715, 119, 53, 6),
(2716, 119, 82, 10),
(2717, 119, 87, 10),
(2718, 119, 89, 10),
(2719, 119, 97, 10),
(2720, 119, 107, 10),
(2721, 119, 80, 9),
(2722, 119, 93, 9),
(2723, 119, 96, 9),
(2724, 119, 99, 9),
(2725, 119, 104, 9),
(2726, 6, 1, 3),
(2727, 6, 10, 3),
(2728, 6, 14, 3),
(2729, 6, 24, 3),
(2730, 6, 29, 3),
(2731, 6, 2, 4),
(2732, 6, 6, 4),
(2733, 6, 19, 4),
(2734, 6, 20, 4),
(2735, 6, 31, 4),
(2736, 6, 3, 1),
(2737, 6, 7, 1),
(2738, 6, 16, 1),
(2739, 6, 22, 1),
(2740, 6, 33, 1),
(2741, 6, 4, 7),
(2742, 6, 15, 7),
(2743, 6, 30, 7),
(2744, 6, 39, 7),
(2745, 6, 62, 7),
(2746, 12, 5, 2),
(2747, 12, 12, 2),
(2748, 12, 27, 2),
(2749, 12, 38, 2),
(2750, 12, 43, 2),
(2751, 12, 8, 9),
(2752, 12, 36, 9),
(2753, 12, 37, 9),
(2754, 12, 44, 9),
(2755, 12, 60, 9),
(2756, 12, 9, 5),
(2757, 12, 17, 5),
(2758, 12, 28, 5),
(2759, 12, 35, 5),
(2760, 12, 42, 5),
(2761, 12, 13, 6),
(2762, 12, 21, 6),
(2763, 12, 26, 6),
(2764, 12, 34, 6),
(2765, 12, 52, 6),
(2766, 18, 18, 8),
(2767, 18, 25, 8),
(2768, 18, 32, 8),
(2769, 18, 53, 8),
(2770, 18, 58, 8),
(2771, 18, 11, 10),
(2772, 18, 23, 10),
(2773, 18, 41, 10),
(2774, 18, 46, 10),
(2775, 18, 57, 10),
(2776, 18, 45, 1),
(2777, 18, 61, 1),
(2778, 18, 76, 1),
(2779, 18, 88, 1),
(2780, 18, 97, 1),
(2781, 18, 50, 5),
(2782, 18, 63, 5),
(2783, 18, 75, 5),
(2784, 18, 86, 5),
(2785, 18, 98, 5),
(2786, 24, 47, 3),
(2787, 24, 55, 3),
(2788, 24, 64, 3),
(2789, 24, 81, 3),
(2790, 24, 92, 3),
(2791, 24, 40, 4),
(2792, 24, 51, 4),
(2793, 24, 66, 4),
(2794, 24, 79, 4),
(2795, 24, 93, 4),
(2796, 24, 56, 6),
(2797, 24, 74, 6),
(2798, 24, 85, 6),
(2799, 24, 87, 6),
(2800, 24, 100, 6),
(2801, 24, 67, 7),
(2802, 24, 78, 7),
(2803, 24, 89, 7),
(2804, 24, 96, 7),
(2805, 24, 90, 8),
(2806, 24, 99, 8),
(2807, 24, 83, 8),
(2808, 24, 72, 8),
(2809, 24, 111, 8),
(2810, 30, 1, 3),
(2811, 30, 10, 3),
(2812, 30, 14, 3),
(2813, 30, 24, 3),
(2814, 30, 29, 3),
(2815, 30, 2, 4),
(2816, 30, 6, 4),
(2817, 30, 19, 4),
(2818, 30, 20, 4),
(2819, 30, 31, 4),
(2820, 30, 3, 1),
(2821, 30, 7, 1),
(2822, 30, 16, 1),
(2823, 30, 22, 1),
(2824, 30, 33, 1),
(2825, 30, 4, 7),
(2826, 30, 15, 7),
(2827, 30, 30, 7),
(2828, 30, 39, 7),
(2829, 30, 62, 7),
(2830, 36, 5, 2),
(2831, 36, 12, 2),
(2832, 36, 27, 2),
(2833, 36, 38, 2),
(2834, 36, 43, 2),
(2835, 36, 8, 9),
(2836, 36, 36, 9),
(2837, 36, 37, 9),
(2838, 36, 44, 9),
(2839, 36, 60, 9),
(2840, 36, 9, 5),
(2841, 36, 17, 5),
(2842, 36, 28, 5),
(2843, 36, 35, 5),
(2844, 36, 42, 5),
(2845, 36, 13, 6),
(2846, 36, 21, 6),
(2847, 36, 26, 6),
(2848, 36, 34, 6),
(2849, 36, 52, 6),
(2850, 42, 18, 8),
(2851, 42, 25, 8),
(2852, 42, 32, 8),
(2853, 42, 53, 8),
(2854, 42, 58, 8),
(2855, 42, 11, 10),
(2856, 42, 23, 10),
(2857, 42, 41, 10),
(2858, 42, 46, 10),
(2859, 42, 57, 10),
(2860, 42, 45, 1),
(2861, 42, 61, 1),
(2862, 42, 76, 1),
(2863, 42, 88, 1),
(2864, 42, 97, 1),
(2865, 42, 50, 5),
(2866, 42, 63, 5),
(2867, 42, 75, 5),
(2868, 42, 86, 5),
(2869, 42, 98, 5),
(2870, 48, 47, 3),
(2871, 48, 55, 3),
(2872, 48, 64, 3),
(2873, 48, 81, 3),
(2874, 48, 92, 3),
(2875, 48, 40, 4),
(2876, 48, 51, 4),
(2877, 48, 66, 4),
(2878, 48, 79, 4),
(2879, 48, 93, 4),
(2880, 48, 56, 6),
(2881, 48, 74, 6),
(2882, 48, 85, 6),
(2883, 48, 87, 6),
(2884, 48, 100, 6),
(2885, 48, 67, 7),
(2886, 48, 78, 7),
(2887, 48, 89, 7),
(2888, 48, 96, 7),
(2889, 48, 90, 8),
(2890, 48, 99, 8),
(2891, 48, 83, 8),
(2892, 48, 72, 8),
(2893, 48, 111, 8),
(2894, 54, 1, 3),
(2895, 54, 10, 3),
(2896, 54, 14, 3),
(2897, 54, 24, 3),
(2898, 54, 29, 3),
(2899, 54, 2, 4),
(2900, 54, 6, 4),
(2901, 54, 19, 4),
(2902, 54, 20, 4),
(2903, 54, 31, 4),
(2904, 54, 3, 1),
(2905, 54, 7, 1),
(2906, 54, 16, 1),
(2907, 54, 22, 1),
(2908, 54, 33, 1),
(2909, 54, 4, 7),
(2910, 54, 15, 7),
(2911, 54, 30, 7),
(2912, 54, 39, 7),
(2913, 54, 62, 7),
(2914, 60, 5, 2),
(2915, 60, 12, 2),
(2916, 60, 27, 2),
(2917, 60, 38, 2),
(2918, 60, 43, 2),
(2919, 60, 8, 9),
(2920, 60, 36, 9),
(2921, 60, 37, 9),
(2922, 60, 44, 9),
(2923, 60, 60, 9),
(2924, 60, 9, 5),
(2925, 60, 17, 5),
(2926, 60, 28, 5),
(2927, 60, 35, 5),
(2928, 60, 42, 5),
(2929, 60, 13, 6),
(2930, 60, 21, 6),
(2931, 60, 26, 6),
(2932, 60, 34, 6),
(2933, 60, 52, 6),
(2934, 66, 18, 8),
(2935, 66, 25, 8),
(2936, 66, 32, 8),
(2937, 66, 53, 8),
(2938, 66, 58, 8),
(2939, 66, 11, 10),
(2940, 66, 23, 10),
(2941, 66, 41, 10),
(2942, 66, 46, 10),
(2943, 66, 57, 10),
(2944, 66, 45, 1),
(2945, 66, 61, 1),
(2946, 66, 76, 1),
(2947, 66, 88, 1),
(2948, 66, 97, 1),
(2949, 66, 50, 5),
(2950, 66, 63, 5),
(2951, 66, 75, 5),
(2952, 66, 86, 5),
(2953, 66, 98, 5),
(2954, 72, 47, 3),
(2955, 72, 55, 3),
(2956, 72, 64, 3),
(2957, 72, 81, 3),
(2958, 72, 92, 3),
(2959, 72, 40, 4),
(2960, 72, 51, 4),
(2961, 72, 66, 4),
(2962, 72, 79, 4),
(2963, 72, 93, 4),
(2964, 72, 56, 6),
(2965, 72, 74, 6),
(2966, 72, 85, 6),
(2967, 72, 87, 6),
(2968, 72, 100, 6),
(2969, 72, 67, 7),
(2970, 72, 78, 7),
(2971, 72, 89, 7),
(2972, 72, 96, 7),
(2973, 72, 90, 8),
(2974, 72, 99, 8),
(2975, 72, 83, 8),
(2976, 72, 72, 8),
(2977, 72, 111, 8),
(2978, 78, 1, 3),
(2979, 78, 10, 3),
(2980, 78, 14, 3),
(2981, 78, 24, 3),
(2982, 78, 29, 3),
(2983, 78, 2, 4);
INSERT INTO `deelnemers` (`id`, `wedstrijdId`, `rennerId`, `ploegId`) VALUES
(2984, 78, 6, 4),
(2985, 78, 19, 4),
(2986, 78, 20, 4),
(2987, 78, 31, 4),
(2988, 78, 3, 1),
(2989, 78, 7, 1),
(2990, 78, 16, 1),
(2991, 78, 22, 1),
(2992, 78, 33, 1),
(2993, 78, 4, 7),
(2994, 78, 15, 7),
(2995, 78, 30, 7),
(2996, 78, 39, 7),
(2997, 78, 62, 7),
(2998, 84, 5, 2),
(2999, 84, 12, 2),
(3000, 84, 27, 2),
(3001, 84, 38, 2),
(3002, 84, 43, 2),
(3003, 84, 8, 9),
(3004, 84, 36, 9),
(3005, 84, 37, 9),
(3006, 84, 44, 9),
(3007, 84, 60, 9),
(3008, 84, 9, 5),
(3009, 84, 17, 5),
(3010, 84, 28, 5),
(3011, 84, 35, 5),
(3012, 84, 42, 5),
(3013, 84, 13, 6),
(3014, 84, 21, 6),
(3015, 84, 26, 6),
(3016, 84, 34, 6),
(3017, 84, 52, 6),
(3018, 90, 18, 8),
(3019, 90, 25, 8),
(3020, 90, 32, 8),
(3021, 90, 53, 8),
(3022, 90, 58, 8),
(3023, 90, 11, 10),
(3024, 90, 23, 10),
(3025, 90, 41, 10),
(3026, 90, 46, 10),
(3027, 90, 57, 10),
(3028, 90, 45, 1),
(3029, 90, 61, 1),
(3030, 90, 76, 1),
(3031, 90, 88, 1),
(3032, 90, 97, 1),
(3033, 90, 50, 5),
(3034, 90, 63, 5),
(3035, 90, 75, 5),
(3036, 90, 86, 5),
(3037, 90, 98, 5),
(3038, 96, 47, 3),
(3039, 96, 55, 3),
(3040, 96, 64, 3),
(3041, 96, 81, 3),
(3042, 96, 92, 3),
(3043, 96, 40, 4),
(3044, 96, 51, 4),
(3045, 96, 66, 4),
(3046, 96, 79, 4),
(3047, 96, 93, 4),
(3048, 96, 56, 6),
(3049, 96, 74, 6),
(3050, 96, 85, 6),
(3051, 96, 87, 6),
(3052, 96, 100, 6),
(3053, 96, 67, 7),
(3054, 96, 78, 7),
(3055, 96, 89, 7),
(3056, 96, 96, 7),
(3057, 96, 90, 8),
(3058, 96, 99, 8),
(3059, 96, 83, 8),
(3060, 96, 72, 8),
(3061, 96, 111, 8),
(3062, 102, 1, 3),
(3063, 102, 10, 3),
(3064, 102, 14, 3),
(3065, 102, 24, 3),
(3066, 102, 29, 3),
(3067, 102, 2, 4),
(3068, 102, 6, 4),
(3069, 102, 19, 4),
(3070, 102, 20, 4),
(3071, 102, 31, 4),
(3072, 102, 3, 1),
(3073, 102, 7, 1),
(3074, 102, 16, 1),
(3075, 102, 22, 1),
(3076, 102, 33, 1),
(3077, 102, 4, 7),
(3078, 102, 15, 7),
(3079, 102, 30, 7),
(3080, 102, 39, 7),
(3081, 102, 62, 7),
(3082, 108, 5, 2),
(3083, 108, 12, 2),
(3084, 108, 27, 2),
(3085, 108, 38, 2),
(3086, 108, 43, 2),
(3087, 108, 8, 9),
(3088, 108, 36, 9),
(3089, 108, 37, 9),
(3090, 108, 44, 9),
(3091, 108, 60, 9),
(3092, 108, 9, 5),
(3093, 108, 17, 5),
(3094, 108, 28, 5),
(3095, 108, 35, 5),
(3096, 108, 42, 5),
(3097, 108, 13, 6),
(3098, 108, 21, 6),
(3099, 108, 26, 6),
(3100, 108, 34, 6),
(3101, 108, 52, 6),
(3102, 114, 18, 8),
(3103, 114, 25, 8),
(3104, 114, 32, 8),
(3105, 114, 53, 8),
(3106, 114, 58, 8),
(3107, 114, 11, 10),
(3108, 114, 23, 10),
(3109, 114, 41, 10),
(3110, 114, 46, 10),
(3111, 114, 57, 10),
(3112, 114, 45, 1),
(3113, 114, 61, 1),
(3114, 114, 76, 1),
(3115, 114, 88, 1),
(3116, 114, 97, 1),
(3117, 114, 50, 5),
(3118, 114, 63, 5),
(3119, 114, 75, 5),
(3120, 114, 86, 5),
(3121, 114, 98, 5),
(3122, 120, 47, 3),
(3123, 120, 55, 3),
(3124, 120, 64, 3),
(3125, 120, 81, 3),
(3126, 120, 92, 3),
(3127, 120, 40, 4),
(3128, 120, 51, 4),
(3129, 120, 66, 4),
(3130, 120, 79, 4),
(3131, 120, 93, 4),
(3132, 120, 56, 6),
(3133, 120, 74, 6),
(3134, 120, 85, 6),
(3135, 120, 87, 6),
(3136, 120, 100, 6),
(3137, 120, 67, 7),
(3138, 120, 78, 7),
(3139, 120, 89, 7),
(3140, 120, 96, 7),
(3141, 120, 90, 8),
(3142, 120, 99, 8),
(3143, 120, 83, 8),
(3144, 120, 72, 8),
(3145, 120, 111, 8);

-- --------------------------------------------------------

--
-- Table structure for table `fietsmerken`
--

CREATE TABLE `fietsmerken` (
  `id` int(11) NOT NULL,
  `naam` varchar(250) NOT NULL
) ENGINE=InnoDB DEFAULT CHARSET=utf8mb4 COLLATE=utf8mb4_general_ci;

--
-- Dumping data for table `fietsmerken`
--

INSERT INTO `fietsmerken` (`id`, `naam`) VALUES
(1, 'Pinarello'),
(2, 'Specialized'),
(3, 'Trek'),
(4, 'Canyon'),
(5, 'Bianchi'),
(6, 'Giant'),
(7, 'Scott'),
(8, 'Merida'),
(9, 'Colnago'),
(10, 'Wilier');

-- --------------------------------------------------------

--
-- Table structure for table `gebruikers`
--

CREATE TABLE `gebruikers` (
  `id` int(11) NOT NULL,
  `emailadres` varchar(250) NOT NULL,
  `wachtwoord` varchar(250) NOT NULL,
  `rechten` varchar(250) NOT NULL
) ENGINE=InnoDB DEFAULT CHARSET=utf8mb4 COLLATE=utf8mb4_general_ci;

--
-- Dumping data for table `gebruikers`
--

INSERT INTO `gebruikers` (`id`, `emailadres`, `wachtwoord`, `rechten`) VALUES
(4, 'milan.deconninck@vdabcampus.be', '$2y$10$xQ3YrXoAoQxnmMnKf8vetegkhbnY509h90ICFar6aDo90jVagN3zu', 'admin'),
(5, 'milan.deconninck@gmail.com', '$2y$10$EBqZBnA3QdwxL9BsYWiEsuzZbRF5mMsYhONb4a8pMU.JEjuChamAy', 'gebruiker'),
(6, 'milan.deconninck@test.com', '$2y$10$owsbHlCHT1s9iZKqEWE5iumQ.2yt/tRyd4suKD8VVLUJmz/OxOX4C', 'gebruiker'),
(7, 'test@test.be', '$2y$10$3s4GUh6Cx57AYaJ6p3VfTu1LI/5byxI2E99BKiVVj69GyIF5iI94C', 'gebruiker'),
(8, 'testadmin@test.be', '$2y$10$KfvrW3X92qi5A5.N2diYiO59fa52qiCAztxlS91Y/AhMKK2fD6C4W', 'admin');

-- --------------------------------------------------------

--
-- Table structure for table `plaatsen`
--

CREATE TABLE `plaatsen` (
  `id` int(11) NOT NULL,
  `stad` varchar(250) NOT NULL,
  `land` varchar(250) NOT NULL
) ENGINE=InnoDB DEFAULT CHARSET=utf8mb4 COLLATE=utf8mb4_general_ci;

--
-- Dumping data for table `plaatsen`
--

INSERT INTO `plaatsen` (`id`, `stad`, `land`) VALUES
(31, 'Gent', 'België'),
(32, 'Brugge', 'België'),
(33, 'Antwerpen', 'België'),
(34, 'Leuven', 'België'),
(35, 'Kortrijk', 'België'),
(36, 'Parijs', 'Frankrijk'),
(37, 'Lyon', 'Frankrijk'),
(38, 'Marseille', 'Frankrijk'),
(39, 'Nice', 'Frankrijk'),
(40, 'Toulouse', 'Frankrijk'),
(41, 'Rome', 'Italië'),
(42, 'Milaan', 'Italië'),
(43, 'Napels', 'Italië'),
(44, 'Florence', 'Italië'),
(45, 'Venetië', 'Italië'),
(46, 'Berlijn', 'Duitsland'),
(47, 'Hamburg', 'Duitsland'),
(48, 'Munchen', 'Duitsland'),
(49, 'Keulen', 'Duitsland'),
(50, 'Frankfurt', 'Duitsland'),
(51, 'Madrid', 'Spanje'),
(52, 'Barcelona', 'Spanje'),
(53, 'Valencia', 'Spanje'),
(54, 'Sevilla', 'Spanje'),
(55, 'Bilbao', 'Spanje'),
(56, 'Amsterdam', 'Nederland'),
(57, 'Rotterdam', 'Nederland'),
(58, 'Utrecht', 'Nederland'),
(59, 'Eindhoven', 'Nederland'),
(60, 'Groningen', 'Nederland'),
(61, 'London', 'Verenigd Koninkrijk'),
(62, 'Manchester', 'Verenigd Koninkrijk'),
(63, 'Liverpool', 'Verenigd Koninkrijk'),
(64, 'Bristol', 'Verenigd Koninkrijk'),
(65, 'Leeds', 'Verenigd Koninkrijk'),
(66, 'Lisbon', 'Portugal'),
(67, 'Porto', 'Portugal'),
(68, 'Braga', 'Portugal'),
(69, 'Coimbra', 'Portugal'),
(70, 'Faro', 'Portugal'),
(71, 'Oslo', 'Noorwegen'),
(72, 'Bergen', 'Noorwegen'),
(73, 'Trondheim', 'Noorwegen'),
(74, 'Stavanger', 'Noorwegen'),
(75, 'Kristiansand', 'Noorwegen'),
(76, 'Bern', 'Zwitserland'),
(77, 'Zurich', 'Zwitserland'),
(78, 'Geneva', 'Zwitserland'),
(79, 'Basel', 'Zwitserland'),
(80, 'Lucerne', 'Zwitserland');

-- --------------------------------------------------------

--
-- Table structure for table `ploegen`
--

CREATE TABLE `ploegen` (
  `id` int(11) NOT NULL,
  `naam` varchar(250) NOT NULL,
  `plaatsId` int(11) NOT NULL,
  `fietsmerkId` int(11) NOT NULL
) ENGINE=InnoDB DEFAULT CHARSET=utf8mb4 COLLATE=utf8mb4_general_ci;

--
-- Dumping data for table `ploegen`
--

INSERT INTO `ploegen` (`id`, `naam`, `plaatsId`, `fietsmerkId`) VALUES
(1, 'Velocity Vortex', 34, 3),
(2, 'Crimson Cadence', 47, 7),
(3, 'Alpine Ascent', 52, 1),
(4, 'Titan Trailblazers', 31, 9),
(5, 'Solar Spinners', 65, 4),
(6, 'Echo Endurance', 78, 2),
(7, 'Nimbus Nomads', 39, 6),
(8, 'Quantum Quads', 73, 5),
(9, 'Cyclone Collective', 58, 8),
(10, 'Aurora Accelerators', 44, 10);

-- --------------------------------------------------------

--
-- Table structure for table `wedstrijden`
--

CREATE TABLE `wedstrijden` (
  `id` int(11) NOT NULL,
  `naam` varchar(250) NOT NULL,
  `plaatsId` int(11) NOT NULL,
  `afstand` float NOT NULL,
  `typeId` int(11) NOT NULL,
  `startdatum` date NOT NULL,
  `einddatum` date NOT NULL
) ENGINE=InnoDB DEFAULT CHARSET=utf8mb4 COLLATE=utf8mb4_general_ci;

--
-- Dumping data for table `wedstrijden`
--

INSERT INTO `wedstrijden` (`id`, `naam`, `plaatsId`, `afstand`, `typeId`, `startdatum`, `einddatum`) VALUES
(1, 'Thunder Loop', 35, 212.4, 1, '2020-04-12', '2020-04-13'),
(2, 'Thunder Loop', 35, 212.4, 1, '2021-04-12', '2021-04-13'),
(3, 'Thunder Loop', 35, 212.4, 1, '2022-04-12', '2022-04-13'),
(4, 'Thunder Loop', 35, 212.4, 1, '2023-04-12', '2023-04-13'),
(5, 'Thunder Loop', 35, 212.4, 1, '2024-04-12', '2024-04-13'),
(6, 'Thunder Loop', 35, 212.4, 1, '2025-04-12', '2025-04-13'),
(7, 'Alpine Rush', 42, 189.7, 2, '2020-05-08', '2020-05-09'),
(8, 'Alpine Rush', 42, 189.7, 2, '2021-05-08', '2021-05-09'),
(9, 'Alpine Rush', 42, 189.7, 2, '2022-05-08', '2022-05-09'),
(10, 'Alpine Rush', 42, 189.7, 2, '2023-05-08', '2023-05-09'),
(11, 'Alpine Rush', 42, 189.7, 2, '2024-05-08', '2024-05-09'),
(12, 'Alpine Rush', 42, 189.7, 2, '2025-05-08', '2025-05-09'),
(13, 'Sprint Surge', 50, 42.3, 4, '2020-06-15', '2020-06-15'),
(14, 'Sprint Surge', 50, 42.3, 4, '2021-06-15', '2021-06-15'),
(15, 'Sprint Surge', 50, 42.3, 4, '2022-06-15', '2022-06-15'),
(16, 'Sprint Surge', 50, 42.3, 4, '2023-06-15', '2023-06-15'),
(17, 'Sprint Surge', 50, 42.3, 4, '2024-06-15', '2024-06-15'),
(18, 'Sprint Surge', 50, 42.3, 4, '2025-06-15', '2025-06-15'),
(19, 'Gravel Grind', 63, 205.8, 5, '2020-07-20', '2020-07-21'),
(20, 'Gravel Grind', 63, 205.8, 5, '2021-07-20', '2021-07-21'),
(21, 'Gravel Grind', 63, 205.8, 5, '2022-07-20', '2022-07-21'),
(22, 'Gravel Grind', 63, 205.8, 5, '2023-07-20', '2023-07-21'),
(23, 'Gravel Grind', 63, 205.8, 5, '2024-07-20', '2024-07-21'),
(24, 'Gravel Grind', 63, 205.8, 5, '2025-07-20', '2025-07-21'),
(25, 'Cascade Classic', 77, 198.2, 3, '2020-08-03', '2020-08-04'),
(26, 'Cascade Classic', 77, 198.2, 3, '2021-08-03', '2021-08-04'),
(27, 'Cascade Classic', 77, 198.2, 3, '2022-08-03', '2022-08-04'),
(28, 'Cascade Classic', 77, 198.2, 3, '2023-08-03', '2023-08-04'),
(29, 'Cascade Classic', 77, 198.2, 3, '2024-08-03', '2024-08-04'),
(30, 'Cascade Classic', 77, 198.2, 3, '2025-08-03', '2025-08-04'),
(31, 'Velo Vortex', 38, 175.6, 6, '2020-09-10', '2020-09-11'),
(32, 'Velo Vortex', 38, 175.6, 6, '2021-09-10', '2021-09-11'),
(33, 'Velo Vortex', 38, 175.6, 6, '2022-09-10', '2022-09-11'),
(34, 'Velo Vortex', 38, 175.6, 6, '2023-09-10', '2023-09-11'),
(35, 'Velo Vortex', 38, 175.6, 6, '2024-09-10', '2024-09-11'),
(36, 'Velo Vortex', 38, 175.6, 6, '2025-09-10', '2025-09-11'),
(37, 'Horizon Hammer', 59, 223.9, 1, '2020-10-05', '2020-10-06'),
(38, 'Horizon Hammer', 59, 223.9, 1, '2021-10-05', '2021-10-06'),
(39, 'Horizon Hammer', 59, 223.9, 1, '2022-10-05', '2022-10-06'),
(40, 'Horizon Hammer', 59, 223.9, 1, '2023-10-05', '2023-10-06'),
(41, 'Horizon Hammer', 59, 223.9, 1, '2024-10-05', '2024-10-06'),
(42, 'Horizon Hammer', 59, 223.9, 1, '2025-10-05', '2025-10-06'),
(43, 'Sprint Spiral', 66, 38.7, 4, '2020-11-01', '2020-11-01'),
(44, 'Sprint Spiral', 66, 38.7, 4, '2021-11-01', '2021-11-01'),
(45, 'Sprint Spiral', 66, 38.7, 4, '2022-11-01', '2022-11-01'),
(46, 'Sprint Spiral', 66, 38.7, 4, '2023-11-01', '2023-11-01'),
(47, 'Sprint Spiral', 66, 38.7, 4, '2024-11-01', '2024-11-01'),
(48, 'Sprint Spiral', 66, 38.7, 4, '2025-11-01', '2025-11-01'),
(49, 'Titan Tour', 80, 240.1, 2, '2020-12-12', '2020-12-13'),
(50, 'Titan Tour', 80, 240.1, 2, '2021-12-12', '2021-12-13'),
(51, 'Titan Tour', 80, 240.1, 2, '2022-12-12', '2022-12-13'),
(52, 'Titan Tour', 80, 240.1, 2, '2023-12-12', '2023-12-13'),
(53, 'Titan Tour', 80, 240.1, 2, '2024-12-12', '2024-12-13'),
(54, 'Titan Tour', 80, 240.1, 2, '2025-12-12', '2025-12-13'),
(55, 'Echo Elevation', 45, 187.5, 3, '2020-03-22', '2020-03-23'),
(56, 'Echo Elevation', 45, 187.5, 3, '2021-03-22', '2021-03-23'),
(57, 'Echo Elevation', 45, 187.5, 3, '2022-03-22', '2022-03-23'),
(58, 'Echo Elevation', 45, 187.5, 3, '2023-03-22', '2023-03-23'),
(59, 'Echo Elevation', 45, 187.5, 3, '2024-03-22', '2024-03-23'),
(60, 'Echo Elevation', 45, 187.5, 3, '2025-03-22', '2025-03-23'),
(61, 'Ridge Rally', 60, 201.9, 5, '2020-02-10', '2020-02-11'),
(62, 'Ridge Rally', 60, 201.9, 5, '2021-02-10', '2021-02-11'),
(63, 'Ridge Rally', 60, 201.9, 5, '2022-02-10', '2022-02-11'),
(64, 'Ridge Rally', 60, 201.9, 5, '2023-02-10', '2023-02-11'),
(65, 'Ridge Rally', 60, 201.9, 5, '2024-02-10', '2024-02-11'),
(66, 'Ridge Rally', 60, 201.9, 5, '2025-02-10', '2025-02-11'),
(67, 'Sprint Storm', 70, 47.8, 4, '2020-01-18', '2020-01-18'),
(68, 'Sprint Storm', 70, 47.8, 4, '2021-01-18', '2021-01-18'),
(69, 'Sprint Storm', 70, 47.8, 4, '2022-01-18', '2022-01-18'),
(70, 'Sprint Storm', 70, 47.8, 4, '2023-01-18', '2023-01-18'),
(71, 'Sprint Storm', 70, 47.8, 4, '2024-01-18', '2024-01-18'),
(72, 'Sprint Storm', 70, 47.8, 4, '2025-01-18', '2025-01-18'),
(73, 'Glacier Glide', 36, 176.4, 2, '2020-03-05', '2020-03-06'),
(74, 'Glacier Glide', 36, 176.4, 2, '2021-03-05', '2021-03-06'),
(75, 'Glacier Glide', 36, 176.4, 2, '2022-03-05', '2022-03-06'),
(76, 'Glacier Glide', 36, 176.4, 2, '2023-03-05', '2023-03-06'),
(77, 'Glacier Glide', 36, 176.4, 2, '2024-03-05', '2024-03-06'),
(78, 'Glacier Glide', 36, 176.4, 2, '2025-03-05', '2025-03-06'),
(79, 'Canyon Circuit', 55, 220, 6, '2020-06-30', '2020-07-01'),
(80, 'Canyon Circuit', 55, 220, 6, '2021-06-30', '2021-07-01'),
(81, 'Canyon Circuit', 55, 220, 6, '2022-06-30', '2022-07-01'),
(82, 'Canyon Circuit', 55, 220, 6, '2023-06-30', '2023-07-01'),
(83, 'Canyon Circuit', 55, 220, 6, '2024-06-30', '2024-07-01'),
(84, 'Canyon Circuit', 55, 220, 6, '2025-06-30', '2025-07-01'),
(85, 'Peloton Pulse', 48, 198.6, 1, '2020-07-14', '2020-07-15'),
(86, 'Peloton Pulse', 48, 198.6, 1, '2021-07-14', '2021-07-15'),
(87, 'Peloton Pulse', 48, 198.6, 1, '2022-07-14', '2022-07-15'),
(88, 'Peloton Pulse', 48, 198.6, 1, '2023-07-14', '2023-07-15'),
(89, 'Peloton Pulse', 48, 198.6, 1, '2024-07-14', '2024-07-15'),
(90, 'Peloton Pulse', 48, 198.6, 1, '2025-07-14', '2025-07-15'),
(91, 'Sprint Spark', 53, 35.2, 4, '2020-08-08', '2020-08-08'),
(92, 'Sprint Spark', 53, 35.2, 4, '2021-08-08', '2021-08-08'),
(93, 'Sprint Spark', 53, 35.2, 4, '2022-08-08', '2022-08-08'),
(94, 'Sprint Spark', 53, 35.2, 4, '2023-08-08', '2023-08-08'),
(95, 'Sprint Spark', 53, 35.2, 4, '2024-08-08', '2024-08-08'),
(96, 'Sprint Spark', 53, 35.2, 4, '2025-08-08', '2025-08-08'),
(97, 'Ridge Revolt', 62, 210.7, 5, '2020-09-25', '2020-09-26'),
(98, 'Ridge Revolt', 62, 210.7, 5, '2021-09-25', '2021-09-26'),
(99, 'Ridge Revolt', 62, 210.7, 5, '2022-09-25', '2022-09-26'),
(100, 'Ridge Revolt', 62, 210.7, 5, '2023-09-25', '2023-09-26'),
(101, 'Ridge Revolt', 62, 210.7, 5, '2024-09-25', '2024-09-26'),
(102, 'Ridge Revolt', 62, 210.7, 5, '2025-09-25', '2025-09-26'),
(103, 'Velo Vault', 41, 174.3, 2, '2020-10-19', '2020-10-20'),
(104, 'Velo Vault', 41, 174.3, 2, '2021-10-19', '2021-10-20'),
(105, 'Velo Vault', 41, 174.3, 2, '2022-10-19', '2022-10-20'),
(106, 'Velo Vault', 41, 174.3, 2, '2023-10-19', '2023-10-20'),
(107, 'Velo Vault', 41, 174.3, 2, '2024-10-19', '2024-10-20'),
(108, 'Velo Vault', 41, 174.3, 2, '2025-10-19', '2025-10-20'),
(109, 'Horizon Hustle', 37, 199.9, 3, '2020-11-11', '2020-11-12'),
(110, 'Horizon Hustle', 37, 199.9, 3, '2021-11-11', '2021-11-12'),
(111, 'Horizon Hustle', 37, 199.9, 3, '2022-11-11', '2022-11-12'),
(112, 'Horizon Hustle', 37, 199.9, 3, '2023-11-11', '2023-11-12'),
(113, 'Horizon Hustle', 37, 199.9, 3, '2024-11-11', '2024-11-12'),
(114, 'Horizon Hustle', 37, 199.9, 3, '2025-11-11', '2025-11-12'),
(115, 'Aurora Ascent', 46, 185, 6, '2020-12-05', '2020-12-06'),
(116, 'Aurora Ascent', 46, 185, 6, '2021-12-05', '2021-12-06'),
(117, 'Aurora Ascent', 46, 185, 6, '2022-12-05', '2022-12-06'),
(118, 'Aurora Ascent', 46, 185, 6, '2023-12-05', '2023-12-06'),
(119, 'Aurora Ascent', 46, 185, 6, '2024-12-05', '2024-12-06'),
(120, 'Aurora Ascent', 46, 185, 6, '2025-12-05', '2025-12-06');

-- --------------------------------------------------------

--
-- Table structure for table `wedstrijdtypes`
--

CREATE TABLE `wedstrijdtypes` (
  `id` int(11) NOT NULL,
  `type` varchar(250) NOT NULL,
  `rennerType` varchar(250) NOT NULL
) ENGINE=InnoDB DEFAULT CHARSET=utf8mb4 COLLATE=utf8mb4_general_ci;

--
-- Dumping data for table `wedstrijdtypes`
--

INSERT INTO `wedstrijdtypes` (`id`, `type`, `rennerType`) VALUES
(1, 'Klimmen', 'Klimmer'),
(2, 'Heuvels', 'Puncheur'),
(3, 'Sprint', 'Sprinter'),
(4, 'Tijdrit', 'Tijdrijder'),
(5, 'Kasseien', 'Klassieke renner'),
(6, 'Grote ronde', 'Ronderenner');

-- --------------------------------------------------------

--
-- Table structure for table `wielrenners`
--

CREATE TABLE `wielrenners` (
  `id` int(11) NOT NULL,
  `voornaam` varchar(250) NOT NULL,
  `familienaam` varchar(250) NOT NULL,
  `geboortedatum` date NOT NULL,
  `typeId` int(11) NOT NULL,
  `plaatsId` int(11) NOT NULL
) ENGINE=InnoDB DEFAULT CHARSET=utf8mb4 COLLATE=utf8mb4_general_ci;

--
-- Dumping data for table `wielrenners`
--

INSERT INTO `wielrenners` (`id`, `voornaam`, `familienaam`, `geboortedatum`, `typeId`, `plaatsId`) VALUES
(1, 'Luca', 'Vermeulen', '1993-07-14', 2, 45),
(2, 'Sophie', 'De Smet', '1998-03-22', 4, 67),
(3, 'Jasper', 'Van Dijk', '1991-11-05', 1, 33),
(4, 'Emma', 'Dubois', '2000-06-18', 3, 72),
(5, 'Noah', 'Rossi', '1995-09-30', 5, 38),
(6, 'Milan', 'Keller', '1992-12-03', 6, 59),
(7, 'Charlotte', 'Bergman', '1997-01-27', 2, 41),
(8, 'Thomas', 'Lemoine', '1990-08-11', 3, 74),
(9, 'Julie', 'Martens', '2003-04-09', 1, 36),
(10, 'Victor', 'Schneider', '1996-10-25', 5, 80),
(11, 'Elena', 'Vandenberghe', '1994-02-14', 6, 49),
(12, 'Arthur', 'Moreau', '2001-05-06', 2, 62),
(13, 'Nina', 'Bosmans', '1999-07-19', 4, 31),
(14, 'Louis', 'Fernandez', '1990-03-30', 1, 70),
(15, 'Laura', 'Peeters', '2004-11-12', 3, 53),
(16, 'Hugo', 'Declercq', '1997-06-01', 5, 66),
(17, 'Eva', 'Gomez', '1992-09-17', 6, 39),
(18, 'Maxime', 'De Vos', '2005-01-08', 2, 47),
(19, 'Camille', 'Janssens', '1996-12-21', 4, 60),
(20, 'Nathan', 'Dupont', '1993-05-15', 1, 34),
(21, 'Isabelle', 'Roelandts', '1991-02-03', 3, 58),
(22, 'Daan', 'Verschueren', '1994-06-21', 5, 34),
(23, 'Maëlle', 'Lemoine', '2002-10-17', 2, 73),
(24, 'Ruben', 'De Wilde', '1997-12-09', 1, 40),
(25, 'Anouk', 'Van der Meer', '1995-04-28', 6, 65),
(26, 'Jonas', 'Bogaert', '1993-08-15', 4, 37),
(27, 'Lotte', 'Van den Broeck', '2000-01-11', 2, 50),
(28, 'Guillaume', 'Renard', '1996-05-03', 3, 80),
(29, 'Tibo', 'Vandenheuvel', '1998-09-26', 1, 43),
(30, 'Axelle', 'De Clercq', '1990-07-07', 5, 31),
(31, 'Matthias', 'Vandamme', '2003-03-19', 6, 76),
(32, 'Zoë', 'Declerck', '1999-11-30', 2, 39),
(33, 'Baptiste', 'Legrand', '1992-06-06', 4, 60),
(34, 'Amber', 'Van Hout', '1996-10-12', 1, 35),
(35, 'Jelle', 'De Bruyne', '1995-02-25', 3, 44),
(36, 'Nicolas', 'Fontaine', '2001-08-08', 5, 68),
(37, 'Sara', 'Van der Veken', '1993-05-14', 6, 52),
(38, 'Thibault', 'Gillis', '1997-09-03', 2, 77),
(39, 'Elise', 'De Backer', '2004-12-16', 4, 36),
(40, 'Kobe', 'Van Looy', '1990-03-01', 1, 71),
(41, 'Frederik', 'Van der Steen', '1994-04-04', 3, 46),
(42, 'Céline', 'De Graaf', '1998-07-22', 6, 33),
(43, 'Olivier', 'Masson', '1991-11-19', 2, 75),
(44, 'Lena', 'Vandenbroeck', '2000-02-13', 1, 38),
(45, 'Bram', 'De Winter', '1993-06-30', 5, 58),
(46, 'Manon', 'De Ridder', '1996-09-25', 4, 41),
(47, 'Quinten', 'Van Gucht', '1990-12-07', 2, 66),
(48, 'Amandine', 'De Laet', '2002-05-18', 3, 35),
(49, 'Stijn', 'Van Beek', '1997-03-09', 1, 80),
(50, 'Pauline', 'De Vos', '1995-08-01', 5, 44),
(51, 'Cedric', 'Van der Linden', '1992-10-11', 6, 39),
(52, 'Julie', 'De Munck', '2003-01-27', 2, 60),
(53, 'Arnaud', 'Van Damme', '1999-04-16', 4, 36),
(54, 'Tessa', 'De Witte', '1996-07-03', 1, 71),
(55, 'Gilles', 'Van Hove', '1994-11-12', 3, 52),
(56, 'Noémie', 'De Coster', '1992-06-08', 5, 77),
(57, 'Bart', 'Van der Velde', '1997-09-29', 6, 34),
(58, 'Chloé', 'De Bruyn', '2004-12-20', 2, 68),
(59, 'Mathieu', 'Van den Eede', '1990-03-14', 4, 49),
(60, 'Sofie', 'De Schutter', '1998-05-05', 1, 73),
(61, 'Lars', 'Van der Elst', '1994-02-22', 3, 47),
(62, 'Clara', 'De Vries', '1999-06-14', 6, 36),
(63, 'Henrik', 'Mertens', '1992-10-03', 2, 78),
(64, 'Sofie', 'Van Gorp', '2001-01-19', 1, 59),
(65, 'Jeroen', 'De Koninck', '1995-08-27', 5, 33),
(66, 'Margot', 'Van der Laan', '1997-03-11', 4, 71),
(67, 'Lucas', 'De Ruyter', '1990-12-30', 2, 41),
(68, 'Elise', 'Van den Broeck', '2003-05-06', 3, 66),
(69, 'Benoît', 'De Maeyer', '1998-09-15', 1, 39),
(70, 'Tine', 'Van der Poel', '1996-07-02', 5, 60),
(71, 'Arne', 'De Bock', '1993-11-23', 6, 34),
(72, 'Lina', 'Van der Horst', '2004-04-18', 2, 68),
(73, 'Koen', 'Van Dessel', '1991-06-09', 4, 49),
(74, 'Nathalie', 'De Wilde', '1998-01-30', 1, 73),
(75, 'Bastiaan', 'Van der Zande', '1995-03-25', 3, 52),
(76, 'Eline', 'De Sutter', '1992-09-07', 5, 77),
(77, 'Maarten', 'Van den Berg', '1997-10-29', 6, 35),
(78, 'Julie', 'Van der Straeten', '2004-12-12', 2, 44),
(79, 'Thijs', 'De Vos', '1990-05-03', 4, 80),
(80, 'Amber', 'Van der Meulen', '1999-08-20', 1, 38),
(81, 'Jana', 'Van der Cruyssen', '1993-07-16', 2, 46),
(82, 'Tom', 'De Langhe', '1990-11-04', 4, 58),
(83, 'Lise', 'Van den Brande', '1997-02-28', 1, 33),
(84, 'Pieter', 'Van der Veken', '1995-06-12', 3, 71),
(85, 'Senne', 'De Pauw', '1992-09-01', 5, 41),
(86, 'Nina', 'Van der Elst', '2000-03-23', 6, 66),
(87, 'Brecht', 'De Smet', '1994-08-19', 2, 39),
(88, 'Charlotte', 'Van den Eynde', '1998-01-15', 4, 60),
(89, 'Laurens', 'De Clercq', '1991-05-07', 1, 34),
(90, 'Evelien', 'Van den Broeck', '1996-10-30', 3, 68),
(91, 'Simon', 'Van der Meulen', '1993-12-11', 5, 49),
(92, 'Tine', 'De Vos', '2003-06-04', 6, 73),
(93, 'Arne', 'Van den Bosch', '1999-09-27', 2, 52),
(94, 'Julie', 'Van der Zande', '1995-04-14', 4, 77),
(95, 'Koen', 'De Wilde', '1992-07-08', 1, 35),
(96, 'Amber', 'Van der Straeten', '1997-11-22', 3, 44),
(97, 'Gilles', 'Van der Linden', '1990-02-05', 5, 80),
(98, 'Pauline', 'De Bruyn', '1998-05-29', 6, 38),
(99, 'Thibault', 'Van den Eede', '1994-03-17', 2, 47),
(100, 'Sofie', 'Van der Poel', '2001-12-09', 4, 36),
(101, 'Jens', 'Van der Gucht', '1994-06-16', 3, 46),
(102, 'Lotte', 'De Langhe', '1999-10-02', 6, 33),
(103, 'Nathan', 'Van den Brande', '1992-01-28', 2, 75),
(104, 'Elena', 'Van der Veken', '2000-04-11', 1, 38),
(105, 'Bram', 'De Pauw', '1995-07-23', 5, 58),
(106, 'Maëlle', 'Van Gorp', '1997-09-05', 4, 41),
(107, 'Jonas', 'De Koninck', '1990-12-19', 2, 66),
(108, 'Axelle', 'Van der Meer', '2003-02-07', 3, 35),
(109, 'Guillaume', 'De Ruyter', '1998-08-14', 1, 80),
(110, 'Tibo', 'Van den Broeck', '1996-05-01', 5, 44),
(111, 'Amber', 'Van der Elst', '1993-11-27', 6, 39),
(112, 'Matthias', 'Van den Eynde', '2004-03-03', 2, 60),
(113, 'Zoë', 'Van Damme', '1999-06-18', 4, 36),
(114, 'Louis', 'De Witte', '1996-09-09', 1, 71),
(115, 'Camille', 'Van Hove', '1994-12-13', 3, 52),
(116, 'Arthur', 'De Coster', '1992-07-01', 5, 77),
(117, 'Eva', 'Van der Velde', '1997-10-31', 6, 34),
(118, 'Maxime', 'De Bruyn', '2005-01-22', 2, 68),
(119, 'Charlotte', 'Van den Eede', '1990-03-06', 4, 49),
(120, 'Victor', 'Van der Straeten', '1998-05-17', 1, 73);

--
-- Indexes for dumped tables
--

--
-- Indexes for table `contracten`
--
ALTER TABLE `contracten`
  ADD PRIMARY KEY (`rennerId`,`ploegId`,`startdatum`),
  ADD KEY `fk_contracten_ploeg` (`ploegId`);

--
-- Indexes for table `deelnemers`
--
ALTER TABLE `deelnemers`
  ADD PRIMARY KEY (`id`),
  ADD KEY `fk_deelnemers_wedstrijd` (`wedstrijdId`),
  ADD KEY `fk_deelnemers_ploeg` (`ploegId`),
  ADD KEY `fk_deelnemers_renner` (`rennerId`);

--
-- Indexes for table `fietsmerken`
--
ALTER TABLE `fietsmerken`
  ADD PRIMARY KEY (`id`);

--
-- Indexes for table `gebruikers`
--
ALTER TABLE `gebruikers`
  ADD PRIMARY KEY (`id`);

--
-- Indexes for table `plaatsen`
--
ALTER TABLE `plaatsen`
  ADD PRIMARY KEY (`id`);

--
-- Indexes for table `ploegen`
--
ALTER TABLE `ploegen`
  ADD PRIMARY KEY (`id`),
  ADD KEY `fk_ploegen_plaats` (`plaatsId`),
  ADD KEY `fk_ploegen_fietsmerk` (`fietsmerkId`);

--
-- Indexes for table `wedstrijden`
--
ALTER TABLE `wedstrijden`
  ADD PRIMARY KEY (`id`),
  ADD KEY `fk_wedstrijden_plaats` (`plaatsId`),
  ADD KEY `fk_wedstrijden_type` (`typeId`);

--
-- Indexes for table `wedstrijdtypes`
--
ALTER TABLE `wedstrijdtypes`
  ADD PRIMARY KEY (`id`);

--
-- Indexes for table `wielrenners`
--
ALTER TABLE `wielrenners`
  ADD PRIMARY KEY (`id`),
  ADD KEY `fk_wielrenners_type` (`typeId`),
  ADD KEY `fk_wielrenners_plaats` (`plaatsId`);

--
-- AUTO_INCREMENT for dumped tables
--

--
-- AUTO_INCREMENT for table `deelnemers`
--
ALTER TABLE `deelnemers`
  MODIFY `id` int(11) NOT NULL AUTO_INCREMENT, AUTO_INCREMENT=3146;

--
-- AUTO_INCREMENT for table `fietsmerken`
--
ALTER TABLE `fietsmerken`
  MODIFY `id` int(11) NOT NULL AUTO_INCREMENT, AUTO_INCREMENT=41;

--
-- AUTO_INCREMENT for table `gebruikers`
--
ALTER TABLE `gebruikers`
  MODIFY `id` int(11) NOT NULL AUTO_INCREMENT, AUTO_INCREMENT=9;

--
-- AUTO_INCREMENT for table `plaatsen`
--
ALTER TABLE `plaatsen`
  MODIFY `id` int(11) NOT NULL AUTO_INCREMENT, AUTO_INCREMENT=81;

--
-- AUTO_INCREMENT for table `ploegen`
--
ALTER TABLE `ploegen`
  MODIFY `id` int(11) NOT NULL AUTO_INCREMENT, AUTO_INCREMENT=11;

--
-- AUTO_INCREMENT for table `wedstrijden`
--
ALTER TABLE `wedstrijden`
  MODIFY `id` int(11) NOT NULL AUTO_INCREMENT, AUTO_INCREMENT=121;

--
-- AUTO_INCREMENT for table `wedstrijdtypes`
--
ALTER TABLE `wedstrijdtypes`
  MODIFY `id` int(11) NOT NULL AUTO_INCREMENT, AUTO_INCREMENT=7;

--
-- AUTO_INCREMENT for table `wielrenners`
--
ALTER TABLE `wielrenners`
  MODIFY `id` int(11) NOT NULL AUTO_INCREMENT, AUTO_INCREMENT=121;

--
-- Constraints for dumped tables
--

--
-- Constraints for table `contracten`
--
ALTER TABLE `contracten`
  ADD CONSTRAINT `fk_contracten_ploeg` FOREIGN KEY (`ploegId`) REFERENCES `ploegen` (`id`),
  ADD CONSTRAINT `fk_contracten_renner` FOREIGN KEY (`rennerId`) REFERENCES `wielrenners` (`id`);

--
-- Constraints for table `deelnemers`
--
ALTER TABLE `deelnemers`
  ADD CONSTRAINT `fk_deelnemers_ploeg` FOREIGN KEY (`ploegId`) REFERENCES `ploegen` (`id`),
  ADD CONSTRAINT `fk_deelnemers_renner` FOREIGN KEY (`rennerId`) REFERENCES `wielrenners` (`id`),
  ADD CONSTRAINT `fk_deelnemers_wedstrijd` FOREIGN KEY (`wedstrijdId`) REFERENCES `wedstrijden` (`id`);

--
-- Constraints for table `ploegen`
--
ALTER TABLE `ploegen`
  ADD CONSTRAINT `fk_ploegen_fietsmerk` FOREIGN KEY (`fietsmerkId`) REFERENCES `fietsmerken` (`id`),
  ADD CONSTRAINT `fk_ploegen_plaats` FOREIGN KEY (`plaatsId`) REFERENCES `plaatsen` (`id`);

--
-- Constraints for table `wedstrijden`
--
ALTER TABLE `wedstrijden`
  ADD CONSTRAINT `fk_wedstrijden_plaats` FOREIGN KEY (`plaatsId`) REFERENCES `plaatsen` (`id`),
  ADD CONSTRAINT `fk_wedstrijden_type` FOREIGN KEY (`typeId`) REFERENCES `wedstrijdtypes` (`id`);

--
-- Constraints for table `wielrenners`
--
ALTER TABLE `wielrenners`
  ADD CONSTRAINT `fk_wielrenners_plaats` FOREIGN KEY (`plaatsId`) REFERENCES `plaatsen` (`id`),
  ADD CONSTRAINT `fk_wielrenners_type` FOREIGN KEY (`typeId`) REFERENCES `wedstrijdtypes` (`id`);
COMMIT;

/*!40101 SET CHARACTER_SET_CLIENT=@OLD_CHARACTER_SET_CLIENT */;
/*!40101 SET CHARACTER_SET_RESULTS=@OLD_CHARACTER_SET_RESULTS */;
/*!40101 SET COLLATION_CONNECTION=@OLD_COLLATION_CONNECTION */;
